identifier,NC_presence_highcov,NC_alleles_highcov,NC_freq_highcov,NC_presence_all,NC_alleles_all,NC_freq_all,id,class,family,start,end,contig,chr,num1st,num2nd,num3,numPS,totalPos,branchLength,chromatin.state,region,prob1,prob2,prob3,prob4,prob5,prob6,prob7,prob8,prob9,prob10,prob11,prob12,prob13,prob14,prob15,prob16,prob17,prob18,prob19,prob20,prob21,prob22,prob23,prob24,prob25,prob26,prob27,prob28,prob29
Jockey-3_DM.2L_1|11365843-11368214|+|,2,28,0.071428571,4,135,0.02962963,2L_1|11365843-11368214|+|,Jockey-3_DM,Non-LTR,11365843,11368214,2L_1,2,NA,NA,NA,4,2371,0.001687052,eu,.,0.007419143,0.013363603,0.018478826,0.022967775,0.026894242,0.030285721,0.033164906,0.035557171,0.037490854,0.03899599,0.04010311,0.040842438,0.041243418,0.041334477,0.041142911,0.04069485,0.040015248,0.039127908,0.0380555,0.036819588,0.035440661,0.033938162,0.032330511,0.030635142,0.028868521,0.027046183,0.025182749,0.023291961,0.099268432
Jockey-3_DM.2L_1|13650159-13651288|-|,2,28,0.071428571,8,135,0.059259259,2L_1|13650159-13651288|-|,Jockey-3_DM,Non-LTR,13650159,13651288,2L_1,2,NA,NA,NA,12,1129,0.010628875,eu,.,0.003446344,0.006664105,0.009660593,0.012442988,0.015018341,0.017393576,0.01957549,0.021570754,0.023385917,0.025027405,0.026501523,0.027814455,0.028972268,0.029980912,0.030846221,0.031573914,0.032169595,0.03263876,0.03298679,0.033218959,0.033340432,0.033356266,0.033271413,0.033090721,0.032818933,0.032460691,0.032020533,0.031502902,0.277249198
Jockey-3_DM.2L_1|20246641-20247585|-|,22,28,0.785714286,92,135,0.681481481,2L_1|20246641-20246968|-|,Jockey-3_DM,Non-LTR,20246641,20247585,2L_1,2,NA,NA,NA,36,952,0.037815126,eu,.,0.000861056,0.001709248,0.002544631,0.003367258,0.004177181,0.004974455,0.005759133,0.006531267,0.007290912,0.008038119,0.008772942,0.009495434,0.010205647,0.010903634,0.011589448,0.012263141,0.012924765,0.013574374,0.014212019,0.014837752,0.015451626,0.016053693,0.016644004,0.017222612,0.017789568,0.018344924,0.018888732,0.019421044,0.696151383
Jockey-3_DM.2L_1|4813089-4813141|-|,25,28,0.892857143,106,135,0.785185185,2L_1|4813089-4813141|-|,Jockey-3_DM,Non-LTR,4813089,4813141,2L_1,2,NA,NA,NA,13,52,0.25,eu,.,0.002472949,0.004822465,0.007051321,0.009162259,0.011157986,0.013041176,0.014814471,0.016480482,0.018041785,0.019500926,0.020860418,0.022122744,0.023290355,0.02436567,0.025351078,0.026248939,0.027061578,0.027791296,0.028440359,0.029011005,0.029505443,0.029925853,0.030274384,0.030553158,0.030764267,0.030909777,0.030991721,0.03101211,0.384974023
Jockey-3_DM.2L_2|121852-122992|+|,28,28,1,131,135,0.97037037,2L_2|121852-122992|+|,Jockey-3_DM,Non-LTR,121852,122992,2L_2,2,NA,NA,NA,6,1140,0.005263158,eu,.,0.005478596,0.010427063,0.01487714,0.018856123,0.022389262,0.025500664,0.028213607,0.030550643,0.032533621,0.034183692,0.035521316,0.036566265,0.037337634,0.037853852,0.038132695,0.038191295,0.038046158,0.037713172,0.037207627,0.036544218,0.035737067,0.034799729,0.03374521,0.032585973,0.031333955,0.030000578,0.028596758,0.02713292,0.149943167
Jockey-3_DM.2R_18|692028-692215|+|,27,28,0.964285714,127,135,0.940740741,2R_18|692028-692215|+|,Jockey-3_DM,Non-LTR,692028,692215,2R_18,2,NA,NA,NA,37,187,0.197860963,het,.,0.000598886,0.001192254,0.001780118,0.002362488,0.002939379,0.003510801,0.004076767,0.004637289,0.005192379,0.00574205,0.006286314,0.006825182,0.007358668,0.007886782,0.008409538,0.008926947,0.009439021,0.009945773,0.010447214,0.010943358,0.011434215,0.011919798,0.012400119,0.012875189,0.013345022,0.013809629,0.014269022,0.014723213,0.776722587
Jockey-3_DM.2R_20|1269356-1270214|+|,15,28,0.535714286,89,135,0.659259259,2R_20|1269356-1270214|+|,Jockey-3_DM,Non-LTR,1269356,1270214,2R_20,2,NA,NA,NA,85,289,0.294117647,het,.,0,0,0,0,0,0,0,0,0,0,0,0,0,0,0,0,0,0,0,0,0,0,0,0,0,0,0,0,1
Jockey-3_DM.2R_20|1275288-1276850|+|,24,28,0.857142857,55,135,0.407407407,2R_20|1275288-1276850|+|,Jockey-3_DM,Non-LTR,1275288,1276850,2R_20,2,NA,NA,NA,9,1562,0.005761844,het,.,0.004594404,0.008804239,0.012646042,0.016135924,0.019289578,0.022122292,0.024648957,0.026884071,0.028841746,0.030535714,0.031979335,0.033185599,0.034167135,0.034936217,0.035504768,0.035884366,0.036086252,0.036121332,0.036000185,0.03573307,0.035329926,0.034800383,0.034153766,0.033399099,0.03254511,0.031600237,0.030572634,0.029470176,0.194027443
Jockey-3_DM.3_scaffold1|80781-83966|-|,14,28,0.5,62,135,0.459259259,3_scaffold1|80781-83966|-|,Jockey-3_DM,Non-LTR,80781,83966,3_scaffold1,3,NA,NA,NA,6,3199,0.001875586,het,.,0.006481411,0.012219683,0.017300054,0.021773978,0.025680514,0.029054276,0.031928109,0.034333853,0.036302451,0.037863899,0.039047177,0.039880212,0.040389855,0.040601886,0.040541027,0.040230958,0.039694345,0.038952855,0.038027187,0.036937089,0.03570139,0.034338015,0.032864014,0.031295579,0.029648075,0.027936051,0.026173272,0.024372733,0.110430051
Jockey-3_DM.3L_1|17053255-17053379|+|,1,28,0.035714286,3,135,0.022222222,3L_1|17053255-17053379|+|,Jockey-3_DM,Non-LTR,17053255,17053379,3L_1,3,NA,NA,NA,0,124,0,eu,.,0.079923187,0.056528703,0.039081687,0.031361526,0.029109263,0.02934982,0.030544386,0.031959697,0.033264393,0.034320397,0.035080593,0.035539639,0.03571066,0.035614388,0.035274193,0.034713865,0.033956656,0.033024896,0.031939846,0.030721665,0.029389418,0.027961099,0.026453663,0.024883053,0.023264239,0.021611243,0.019937172,0.018254249,0.071226405
Jockey-3_DM.3L_1|21345681-21346585|+|,12,28,0.428571429,75,135,0.555555556,3L_1|21345681-21346585|+|,Jockey-3_DM,Non-LTR,21345681,21346585,3L_1,3,NA,NA,NA,8,904,0.008849558,eu,.,0.004504171,0.008635585,0.012410155,0.015843365,0.018950294,0.021745629,0.024243676,0.026458365,0.028403258,0.030091554,0.031536093,0.032749366,0.033743516,0.034530345,0.035121322,0.035527584,0.035759947,0.035828906,0.035744644,0.035517036,0.035155655,0.034669775,0.034068378,0.033360161,0.032553537,0.031656642,0.03067734,0.029623227,0.200890472
Jockey-3_DM.3L_1|21752657-21752768|+|,27,28,0.964285714,94,135,0.696296296,3L_1|21752657-21752768|+|,Jockey-3_DM,Non-LTR,21752657,21752768,3L_1,3,NA,NA,NA,9,111,0.081081081,eu,.,0.003539373,0.006836002,0.009898124,0.012733812,0.015350983,0.017757395,0.019960648,0.021968194,0.023787328,0.025425197,0.026888801,0.028184993,0.029320481,0.03030183,0.031135467,0.031827676,0.032384606,0.03281227,0.033116547,0.033303185,0.033377799,0.033345877,0.03321278,0.032983743,0.032663877,0.032258172,0.031771496,0.031208599,0.272644748
Jockey-3_DM.3R_28|3954385-3957417|-|,1,28,0.035714286,15,135,0.111111111,3R_28|3954385-3957417|-|,Jockey-3_DM,Non-LTR,3954385,3957417,3R_28,3,NA,NA,NA,2,3032,0.000659631,eu,.,0.020027851,0.02382869,0.025238251,0.027040012,0.029351332,0.031831426,0.034191875,0.036263636,0.037968009,0.039280826,0.040207328,0.040767279,0.040986882,0.040894639,0.040519321,0.039889032,0.039030793,0.037970388,0.036732311,0.035339777,0.033814741,0.032177936,0.030448905,0.028646036,0.026786602,0.024886792,0.022961747,0.021025593,0.081891993
Jockey-3_DM.3R_5|19174-20286|-|,1,28,0.035714286,1,135,0.007407407,3R_5|19174-20286|-|,Jockey-3_DM,Non-LTR,19174,20286,3R_5,3,NA,NA,NA,28,1112,0.025179856,het,centromere,0.001327955,0.002621966,0.003882332,0.005109348,0.006303311,0.007464514,0.008593251,0.009689814,0.010754494,0.01178758,0.012789363,0.013760129,0.014700165,0.015609758,0.016489191,0.017338749,0.018158713,0.018949365,0.019710986,0.020443855,0.02114825,0.021824448,0.022472726,0.023093358,0.023686618,0.02425278,0.024792115,0.025304895,0.577939972
Jockey-3_DM.3R_5|46496-48181|-|,25,28,0.892857143,88,135,0.651851852,3R_5|46496-48181|-|,Jockey-3_DM,Non-LTR,46496,48181,3R_5,3,NA,NA,NA,4,1685,0.002373887,het,centromere,0.006952134,0.012754414,0.017811002,0.022259163,0.026151351,0.029517362,0.032383507,0.034777217,0.036727271,0.038263046,0.039413799,0.040208196,0.040674025,0.040838068,0.040726034,0.040362548,0.039771157,0.038974349,0.037993574,0.036849271,0.035560892,0.034146929,0.032624936,0.031011561,0.029322563,0.02757284,0.025776455,0.023946653,0.106629683
Jockey-3_DM.3R_5|52818-54474|-|,14,28,0.5,40,135,0.296296296,3R_5|52818-54474|-|,Jockey-3_DM,Non-LTR,52818,54474,3R_5,3,NA,NA,NA,3,1656,0.001811594,het,centromere,0.008659726,0.014496541,0.019303351,0.023550785,0.027326744,0.030630997,0.033458212,0.035815062,0.037719311,0.039195687,0.040272418,0.040979006,0.041344949,0.041399077,0.041169222,0.040682081,0.039963167,0.039036802,0.037926135,0.036653169,0.035238784,0.033702776,0.032063879,0.030339798,0.02854724,0.02670194,0.024818691,0.022911372,0.096093076
Jockey-3_DM.3R_5|67216-68648|+|,1,28,0.035714286,2,135,0.014814815,3R_5|67216-68648|+|,Jockey-3_DM,Non-LTR,67216,68648,3R_5,3,NA,NA,NA,85,1439,0.059068798,het,centromere,0,0,0,0,0,0,0,0,0,0,0,0,0,0,0,0,0,0,0,0,0,0,0,0,0,0,0,0,1
Jockey-3_DM.3R_5|69211-69514|+|,3,28,0.107142857,4,135,0.02962963,3R_5|69211-69514|+|,Jockey-3_DM,Non-LTR,69211,69514,3R_5,3,NA,NA,NA,8,303,0.02640264,het,centromere,0.004043579,0.00777841,0.011216473,0.014369462,0.017248803,0.019865654,0.022230911,0.024355215,0.02624895,0.027922253,0.029385012,0.030646875,0.031717248,0.032605302,0.033319977,0.033869981,0.0342638,0.034509695,0.03461571,0.034589672,0.034439198,0.034171694,0.033794362,0.0333142,0.032738007,0.032072388,0.031323752,0.030498321,0.232845096
Jockey-3_DM.Contig119|35128-36118|+|,19,28,0.678571429,86,135,0.637037037,Contig119|35128-36118|+|,Jockey-3_DM,Non-LTR,35128,36118,Contig119,4,NA,NA,NA,20,998,0.02004008,het,centromere,0.001988442,0.003897841,0.005729476,0.007484615,0.009164514,0.010770422,0.012303577,0.013765207,0.01515653,0.016478755,0.017733082,0.018920699,0.020042787,0.021100515,0.022095046,0.023027529,0.023899107,0.024710913,0.025464069,0.02615969,0.02679888,0.027382734,0.027912339,0.028388772,0.0288131,0.029186383,0.02950967,0.029784002,0.452331305
Jockey-3_DM.Contig119|42262-45358|-|,23,28,0.821428571,101,135,0.748148148,Contig119|42262-45358|-|,Jockey-3_DM,Non-LTR,42262,45358,Contig119,4,NA,NA,NA,73,3137,0.023270641,het,centromere,0,0,0,0,0,0,0,0,0,0,0,0,0,0,0,0,0,0,0,0,0,0,0,0,0,0,0,0,1
Jockey-3_DM.Contig119|48478-51184|+|,21,28,0.75,98,135,0.725925926,Contig119|48478-51184|+|,Jockey-3_DM,Non-LTR,48478,51184,Contig119,4,NA,NA,NA,54,2706,0.019955654,het,centromere,0,0,0,0,0,0,0,0,0,0,0,0,0,0,0,0,0,0,0,0,0,0,0,0,0,0,0,0,1
Jockey-3_DM.Contig119|55924-56293|-|,16,28,0.571428571,50,135,0.37037037,Contig119|55924-56293|-|,Jockey-3_DM,Non-LTR,55924,56293,Contig119,4,NA,NA,NA,3,369,0.008130081,het,centromere,0.007098956,0.012715853,0.017564448,0.021850542,0.025629872,0.028922214,0.031744169,0.034116174,0.036062308,0.03760875,0.038782449,0.03961026,0.040118457,0.040332479,0.040276813,0.039974948,0.039449372,0.03872158,0.037812091,0.036740476,0.035525375,0.034184523,0.032734776,0.031192133,0.029571755,0.027887994,0.026154411,0.024383802,0.113233018
Jockey-3_DM.Contig119|57527-58081|-|,8,28,0.285714286,27,135,0.2,Contig119|57527-58081|-|,Jockey-3_DM,Non-LTR,57527,58081,Contig119,4,NA,NA,NA,8,554,0.014440433,het,centromere,0.004243277,0.008150619,0.011735629,0.01501157,0.01799138,0.020687683,0.02311279,0.025278711,0.027197154,0.02887953,0.030336961,0.031580283,0.032620046,0.033466525,0.03412972,0.034619362,0.034944916,0.035115586,0.035140319,0.035027809,0.034786501,0.034424597,0.033950056,0.033370599,0.032693718,0.031926672,0.031076497,0.030150007,0.218351486
Jockey-3_DM.Contig119|60219-62054|+|,15,28,0.535714286,76,135,0.562962963,Contig119|60219-62054|+|,Jockey-3_DM,Non-LTR,60219,62054,Contig119,4,NA,NA,NA,48,1845,0.02601626,het,centromere,0,0,0,0,0,0,0,0,0,0,0,0,0,0,0,0,0,0,0,0,0,0,0,0,0,0,0,0,1
Jockey-3_DM.Contig119|62301-62418|+|,3,28,0.107142857,10,135,0.074074074,Contig119|62301-62418|+|,Jockey-3_DM,Non-LTR,62301,62418,Contig119,4,NA,NA,NA,1,117,0.008547009,het,centromere,0.021559933,0.024080635,0.024775726,0.026314196,0.028546803,0.03100938,0.03337262,0.035457744,0.037185216,0.038531405,0.03950156,0.040114762,0.040396085,0.040372685,0.040071929,0.039520539,0.038744222,0.03776753,0.03661382,0.035305257,0.033862841,0.03230643,0.030654779,0.028925569,0.027135439,0.025300021,0.023433966,0.021550979,0.087587932
Jockey-3_DM.Contig119|64034-66276|-|,19,28,0.678571429,66,135,0.488888889,Contig119|64034-66276|-|,Jockey-3_DM,Non-LTR,64034,66276,Contig119,4,NA,NA,NA,45,2245,0.020044543,het,centromere,0.000898455,0.001783012,0.00265373,0.003510668,0.004353882,0.00518343,0.005999371,0.006801762,0.007590661,0.008366125,0.009128211,0.009876977,0.01061248,0.011334778,0.012043927,0.012739984,0.013423007,0.014093052,0.014750176,0.015394436,0.016025888,0.016644589,0.017250595,0.017843963,0.018424749,0.018993009,0.019548799,0.020092176,0.684638107
Jockey-3_DM.Contig135|297771-302075|+|,22,28,0.785714286,86,135,0.637037037,Contig135|297771-302075|+|,Jockey-3_DM,Non-LTR,297771,302075,Contig135,X,NA,NA,NA,16,4304,0.003717472,het,.,0.002255094,0.004411243,0.006470186,0.008433646,0.010303336,0.012080953,0.013768181,0.015366691,0.016878138,0.018304167,0.019646407,0.020906475,0.022085974,0.023186494,0.024209612,0.025156891,0.026029882,0.026830122,0.027559135,0.028218433,0.028809514,0.029333864,0.029792955,0.030188248,0.030521189,0.030793214,0.031005744,0.031160188,0.406294027
Jockey-3_DM.Contig150|100690-104919|+|,14,28,0.5,42,135,0.311111111,Contig150|100690-104919|+|,Jockey-3_DM,Non-LTR,100690,104919,Contig150,.,NA,NA,NA,15,4234,0.003542749,het,.,0.004383246,0.008416778,0.012114521,0.015490084,0.018556768,0.021327568,0.023815177,0.026031989,0.027990107,0.029701341,0.031177217,0.032428978,0.033467591,0.034303747,0.034947866,0.035410103,0.035700349,0.035828237,0.035803144,0.035634193,0.035330262,0.034899984,0.03435175,0.033693712,0.032933792,0.032079678,0.031138834,0.030118497,0.202924486
Jockey-3_DM.Contig5|307437-308188|+|,9,28,0.321428571,39,135,0.288888889,Contig5|307437-308188|+|,Jockey-3_DM,Non-LTR,307437,308188,Contig5,X,NA,NA,NA,9,751,0.011984021,het,.,0.002166026,0.00423843,0.006218892,0.008109079,0.009910642,0.011625219,0.013254431,0.014799887,0.016263181,0.017645892,0.018949588,0.020175818,0.021326123,0.022402025,0.023405036,0.024336652,0.025198355,0.025991616,0.026717891,0.02737862,0.027975235,0.028509149,0.028981766,0.029394475,0.029748651,0.030045657,0.030286842,0.030473544,0.424471277
Jockey-3_DM.Contig5|323601-327933|-|,12,28,0.428571429,26,135,0.192592593,Contig5|323601-327933|-|,Jockey-3_DM,Non-LTR,323601,327933,Contig5,X,NA,NA,NA,19,4332,0.004385965,het,.,0.001962409,0.003849936,0.005663666,0.007404677,0.009074041,0.010672822,0.012202078,0.013662861,0.015056214,0.016383176,0.017644779,0.018842046,0.019975997,0.021047642,0.022057987,0.02300803,0.023898762,0.024731171,0.025506234,0.026224924,0.026888207,0.027497043,0.028052386,0.028555181,0.029006371,0.029406888,0.02975766,0.030059611,0.451907201
Jockey-3_DM.Contig5|367183-370181|-|,18,28,0.642857143,69,135,0.511111111,Contig5|367183-370181|-|,Jockey-3_DM,Non-LTR,367183,370181,Contig5,X,NA,NA,NA,26,2998,0.008672448,het,.,0.001171145,0.002316982,0.003437677,0.004533399,0.005604317,0.006650596,0.007672405,0.008669909,0.009643275,0.010592668,0.011518254,0.012420197,0.013298662,0.014153812,0.014985811,0.015794824,0.016581011,0.017344536,0.018085561,0.018804248,0.019500756,0.020175248,0.020827884,0.021458823,0.022068225,0.022656249,0.023223055,0.0237688,0.613041669
Jockey-3_DM.Contig5|372018-373428|-|,11,28,0.392857143,21,135,0.155555556,Contig5|372018-373428|-|,Jockey-3_DM,Non-LTR,372018,373428,Contig5,X,NA,NA,NA,11,1410,0.007801418,het,.,0.00208021,0.004074601,0.005984605,0.007811642,0.009557121,0.011222439,0.012808984,0.014318132,0.015751247,0.017109684,0.018394785,0.019607884,0.020750302,0.021823349,0.022828327,0.023766525,0.024639221,0.025447685,0.026193175,0.026876938,0.027500211,0.028064222,0.028570185,0.029019309,0.029412788,0.029751808,0.030037544,0.030271163,0.436325914
Jockey-3_DM.Contig5|479945-481134|+|,3,28,0.107142857,8,135,0.059259259,Contig5|479945-481134|+|,Jockey-3_DM,Non-LTR,479945,481134,Contig5,X,NA,NA,NA,8,1189,0.006728343,het,.,0.002533751,0.004941109,0.007224823,0.009387591,0.011432072,0.013360894,0.015176653,0.01688192,0.018479234,0.019971111,0.021360037,0.022648472,0.023838848,0.024933572,0.025935023,0.026845552,0.027667487,0.028403127,0.029054744,0.029624588,0.030114878,0.030527811,0.030865557,0.03113026,0.03132404,0.031448989,0.031507179,0.031500651,0.371880025
Jockey-3_DM.Contig79|27850-27921|-|,6,28,0.214285714,21,135,0.155555556,Contig79|27850-27921|-|,Jockey-3_DM,Non-LTR,27850,27921,Contig79,X,NA,NA,NA,7,71,0.098591549,het,centromere,0.002277683,0.00445111,0.006522369,0.0084935,0.010366509,0.012143379,0.013826068,0.015416518,0.01691665,0.018328367,0.019653551,0.020894068,0.022051763,0.023128464,0.02412598,0.025046101,0.025890599,0.026661226,0.027359719,0.027987794,0.02854715,0.029039468,0.029466411,0.029829623,0.030130733,0.030371351,0.030553068,0.030677459,0.409843316
Jockey-3_DM.Contig79|30773-30968|+|,10,28,0.357142857,42,135,0.311111111,Contig79|30773-30968|+|,Jockey-3_DM,Non-LTR,30773,30968,Contig79,X,NA,NA,NA,4,195,0.020512821,het,centromere,0.003211108,0.006170325,0.00892666,0.011501555,0.013905036,0.016142756,0.018218937,0.020137503,0.021902461,0.023517969,0.024988306,0.026317826,0.027510904,0.028571907,0.029505169,0.030314979,0.031005568,0.031581111,0.032045717,0.032403437,0.032658255,0.032814095,0.032874816,0.032844216,0.032726032,0.032523937,0.032241547,0.031882413,0.301555456
Jockey-3_DM.Contig79|34049-34144|-|,8,28,0.285714286,34,135,0.251851852,Contig79|34049-34144|-|,Jockey-3_DM,Non-LTR,34049,34144,Contig79,X,NA,NA,NA,12,95,0.126315789,het,centromere,0.001434268,0.002827614,0.00418047,0.005493265,0.006766427,0.008000383,0.009195556,0.010352368,0.011471239,0.012552586,0.013596826,0.014604372,0.015575635,0.016511026,0.017410953,0.01827582,0.019106033,0.019901991,0.020664096,0.021392745,0.022088334,0.022751257,0.023381905,0.023980669,0.024547937,0.025084094,0.025589525,0.026064612,0.557197994
Jockey-3_DM.Contig79|42511-44652|-|,23,28,0.821428571,92,135,0.681481481,Contig79|42511-44652|-|,Jockey-3_DM,Non-LTR,42511,44652,Contig79,X,NA,NA,NA,42,2141,0.019617001,het,centromere,0.000476752,0.000950485,0.001421202,0.001888907,0.002353604,0.002815296,0.003273986,0.00372968,0.00418238,0.00463209,0.005078813,0.005522554,0.005963316,0.006401103,0.006835918,0.007267765,0.007696648,0.00812257,0.008545535,0.008965547,0.009382609,0.009796726,0.0102079,0.010616135,0.011021436,0.011423805,0.011823247,0.012219765,0.817384228
Jockey-3_DM.Contig79|5655-7419|+|,3,28,0.107142857,6,135,0.044444444,Contig79|5655-7419|+|,Jockey-3_DM,Non-LTR,5655,7419,Contig79,X,NA,NA,NA,37,1775,0.02084507,het,centromere,0.000529462,0.001054959,0.0015765,0.00209409,0.002607734,0.00311744,0.003623213,0.00412506,0.004622987,0.005117,0.005607105,0.006093309,0.006575617,0.007054037,0.007528573,0.007999232,0.008466021,0.008928945,0.009388011,0.009843225,0.010294593,0.010742122,0.011185816,0.011625684,0.01206173,0.01249396,0.012922382,0.013347001,0.79937419
Jockey-3_DM.Contig95|3782-5075|+|,14,28,0.5,93,135,0.688888889,Contig95|3782-5075|+|,Jockey-3_DM,Non-LTR,3782,5075,Contig95,X,NA,NA,NA,2,1293,0.00154679,het,proximal_centromeric_region,0.00805683,0.011461795,0.013639971,0.015622683,0.017642353,0.01968952,0.02170169,0.023621232,0.025408142,0.027038775,0.028501421,0.029792184,0.030911937,0.03186432,0.032654485,0.033288364,0.033772244,0.034112534,0.034315642,0.03438791,0.034335586,0.034164802,0.033881578,0.033491809,0.033001274,0.032415633,0.031740427,0.030981081,0.22850378
Jockey-3_DM.tig00057289|6095-7863|-|,12,28,0.428571429,43,135,0.318518519,tig00057289|6095-7863|-|,Jockey-3_DM,Non-LTR,6095,7863,tig00057289,2,NA,NA,NA,28,1665,0.016816817,het,centromere,0.00154686,0.003047036,0.004501037,0.005909367,0.007272532,0.008591031,0.009865365,0.011096028,0.012283516,0.01342832,0.014530929,0.01559183,0.016611509,0.017590448,0.018529126,0.019428021,0.02028761,0.021108365,0.021890756,0.022635253,0.023342322,0.024012427,0.024646029,0.025243588,0.02580556,0.026332402,0.026824566,0.027282501,0.530765666
Jockey-3_DM.X_10|42102-45815|-|,23,28,0.821428571,95,135,0.703703704,X_10|42102-45815|-|,Jockey-3_DM,Non-LTR,42102,45815,X_10,X,NA,NA,NA,3,3713,0.000807972,het,.,0.007385838,0.011014079,0.013497645,0.015709015,0.017878679,0.020021167,0.022094193,0.024052984,0.025864933,0.02751048,0.028980169,0.030271397,0.031385844,0.032327714,0.033102611,0.033716854,0.034177086,0.034490058,0.034662503,0.03470108,0.034612341,0.034402719,0.03407852,0.033645923,0.033110978,0.032479608,0.031757611,0.03095066,0.222117312
Jockey-3_DM.X_7|135043-136795|-|,21,28,0.75,84,135,0.622222222,X_7|135043-136795|-|,Jockey-3_DM,Non-LTR,135043,136795,X_7,X,NA,NA,NA,12,1752,0.006849315,eu,.,0.002050373,0.004017626,0.005903107,0.007708152,0.009434087,0.01108223,0.012653886,0.014150354,0.015572919,0.016922859,0.018201441,0.019409923,0.020549553,0.021621569,0.022627198,0.023567661,0.024444167,0.025257914,0.026010095,0.026701888,0.027334466,0.027908991,0.028426615,0.028888482,0.029295725,0.029649469,0.02995083,0.030200914,0.440457506
BS.2L_1|13292915-13295242|+|,16,28,0.571428571,60,135,0.444444444,2L_1|13292915-13295242|+|,BS,Non-LTR,13292915,13295242,2L_1,2,NA,NA,NA,4,2327,0.001718951,eu,.,0.007388388,0.013325691,0.018439317,0.022927376,0.026852879,0.030243546,0.033122393,0.035514995,0.037449765,0.038956733,0.040066372,0.040808828,0.041213456,0.041308595,0.041121452,0.040678074,0.040003339,0.039120976,0.038053588,0.036822679,0.035448679,0.03395098,0.032347956,0.030656996,0.02889453,0.027076057,0.025216171,0.023328585,0.099661605
BS.2L_1|19312204-19312310|+|,20,28,0.714285714,62,135,0.459259259,2L_1|19312204-19312310|+|,BS,Non-LTR,19312204,19312310,2L_1,2,NA,NA,NA,5,106,0.047169811,eu,.,0.005212709,0.009930865,0.014187976,0.01800989,0.021419436,0.024438111,0.027086651,0.029385192,0.031353295,0.03300994,0.034373521,0.035461841,0.036292119,0.03688099,0.037244522,0.03739822,0.037357041,0.0371354,0.036747189,0.036205778,0.035524035,0.034714331,0.033788552,0.032758112,0.031633959,0.03042659,0.029146054,0.027801973,0.16507571
BS.2L_1|20151793-20152798|-|,19,28,0.678571429,101,135,0.748148148,2L_1|20151793-20152798|-|,BS,Non-LTR,20151793,20152798,2L_1,2,NA,NA,NA,37,1005,0.03681592,eu,.,0.000838948,0.001665805,0.002480617,0.003283433,0.0040743,0.004853266,0.005620379,0.006375685,0.007119232,0.007851067,0.008571239,0.009279792,0.009976776,0.010662237,0.011336222,0.011998777,0.01264995,0.013289787,0.013918336,0.014535642,0.015141752,0.015736714,0.016320572,0.016893375,0.017455167,0.018005995,0.018545906,0.019074945,0.702444083
BS.2L_1|21379122-21379523|-|,12,28,0.428571429,44,135,0.325925926,2L_1|21379122-21379523|-|,BS,Non-LTR,21379122,21379523,2L_1,2,NA,NA,NA,3,401,0.007481297,eu,.,0.007134677,0.012762,0.017615051,0.021904519,0.025686842,0.02898154,0.031804908,0.034177214,0.036122501,0.037666993,0.038837729,0.039661679,0.040165237,0.04037396,0.04031245,0.040004309,0.039472127,0.038737495,0.037821024,0.036742369,0.035520246,0.034172465,0.032715947,0.031166749,0.02954009,0.027850372,0.026111201,0.024335411,0.112602894
BS.2L_1|7610353-7610479|-|,8,28,0.285714286,32,135,0.237037037,2L_1|7610353-7610479|-|,BS,Non-LTR,7610353,7610479,2L_1,2,NA,NA,NA,0,126,0,eu,.,0.079973816,0.056556841,0.039094086,0.031365896,0.029109744,0.029348375,0.030541928,0.031956658,0.033260987,0.03431674,0.035076755,0.035535667,0.035706593,0.035610258,0.03527003,0.034709694,0.033952503,0.033020782,0.031935792,0.03071769,0.029385539,0.027957332,0.026450021,0.024879549,0.023260884,0.021608047,0.019934143,0.018251394,0.071212257
BS.2L_2|1509005-1509101|-|,25,28,0.892857143,65,135,0.481481481,2L_2|1509005-1509101|-|,BS,Non-LTR,1509005,1509101,2L_2,2,NA,NA,NA,6,96,0.0625,eu,.,0.004703104,0.009000144,0.012910413,0.016451964,0.019642113,0.02249762,0.025034764,0.027269368,0.029216809,0.030892023,0.032309512,0.03348335,0.03442719,0.035154269,0.035677417,0.036009064,0.036161247,0.036145617,0.035973446,0.035655635,0.035202721,0.034624881,0.033931945,0.033133394,0.032238376,0.031255706,0.030193875,0.029061057,0.191742979
BS.2R_21|18789885-18790016|+|,17,28,0.607142857,57,135,0.422222222,2R_21|18789885-18790016|+|,BS,Non-LTR,18789885,18790016,2R_21,2,NA,NA,NA,0,131,0,eu,.,0.080100437,0.056627202,0.039125086,0.031376816,0.029110941,0.029344755,0.030535774,0.031949053,0.033252466,0.03430759,0.035067151,0.03552573,0.035696418,0.035599928,0.035259615,0.034699262,0.033942114,0.033010493,0.031925653,0.030707749,0.029375839,0.027947912,0.026440916,0.02487079,0.023252498,0.021600057,0.019926571,0.018244257,0.071176923
BS.2R_21|2364297-2369427|+|,9,28,0.321428571,26,135,0.192592593,2R_21|2364297-2369427|+|,BS,Non-LTR,2364297,2369427,2R_21,2,NA,NA,NA,3,5130,0.000584795,eu,.,0.015802123,0.020814103,0.023684878,0.026440521,0.029289689,0.032058704,0.034573319,0.036728541,0.038478818,0.039816491,0.040754925,0.041317958,0.041533954,0.04143269,0.041043807,0.040396081,0.039517109,0.038433189,0.037169293,0.035749078,0.034194912,0.032527913,0.030767981,0.028933838,0.027043064,0.025112129,0.023156436,0.021190345,0.082038108
BS.2R_21|247593-249186|+|,2,28,0.071428571,8,135,0.059259259,2R_21|247593-249186|+|,BS,Non-LTR,247593,249186,2R_21,2,NA,NA,NA,46,1593,0.028876334,het,.,0.00068007,0.001352264,0.002016603,0.002673108,0.003321803,0.003962707,0.004595845,0.005221236,0.005838903,0.006448868,0.007051151,0.007645776,0.008232764,0.008812136,0.009383914,0.00994812,0.010504775,0.0110539,0.011595518,0.01212965,0.012656318,0.013175542,0.013687345,0.014191748,0.014688772,0.01517844,0.015660771,0.016135788,0.752156163
BS.2R_21|2574663-2579697|-|,17,28,0.607142857,69,135,0.511111111,2R_21|2574663-2579697|-|,BS,Non-LTR,2574663,2579697,2R_21,2,NA,NA,NA,80,5034,0.015891935,eu,.,0,0,0,0,0,0,0,0,0,0,0,0,0,0,0,0,0,0,0,0,0,0,0,0,0,0,0,0,1
BS.2R_21|3076841-3076967|+|,27,28,0.964285714,106,135,0.785185185,2R_21|3076841-3076967|+|,BS,Non-LTR,3076841,3076967,2R_21,2,NA,NA,NA,0,126,0,eu,.,0.079973816,0.056556841,0.039094086,0.031365896,0.029109744,0.029348375,0.030541928,0.031956658,0.033260987,0.03431674,0.035076755,0.035535667,0.035706593,0.035610258,0.03527003,0.034709694,0.033952503,0.033020782,0.031935792,0.03071769,0.029385539,0.027957332,0.026450021,0.024879549,0.023260884,0.021608047,0.019934143,0.018251394,0.071212257
BS.2R_21|6222736-6222865|+|,5,28,0.178571429,27,135,0.2,2R_21|6222736-6222865|+|,BS,Non-LTR,6222736,6222865,2R_21,2,NA,NA,NA,0,129,0,eu,.,0.08004978,0.056599055,0.039112686,0.031372449,0.029110463,0.029346204,0.030538237,0.031952097,0.033255876,0.034311252,0.035070994,0.035529706,0.035700489,0.035604061,0.035263782,0.034703436,0.03394627,0.033014609,0.031929709,0.030711726,0.02937972,0.02795168,0.026444558,0.024874294,0.023255852,0.021603253,0.0199296,0.018247111,0.071191051
BS.2R_21|7485168-7485296|-|,6,28,0.214285714,13,135,0.096296296,2R_21|7485168-7485296|-|,BS,Non-LTR,7485168,7485296,2R_21,2,NA,NA,NA,1,128,0.0078125,eu,.,0.021641596,0.024142178,0.024812352,0.026334605,0.028558109,0.031015791,0.033376344,0.035459853,0.037186193,0.038531451,0.039500742,0.040113095,0.040393567,0.040369313,0.040067705,0.039515472,0.038738332,0.037760845,0.036606374,0.035297094,0.033854009,0.032296983,0.030644777,0.028915075,0.02712452,0.025288747,0.023422409,0.021539214,0.087493255
BS.3L_1|15071988-15072063|+|,21,28,0.75,70,135,0.518518519,3L_1|15071988-15072063|+|,BS,Non-LTR,15071988,15072063,3L_1,3,NA,NA,NA,3,75,0.04,eu,.,0.006772908,0.012279637,0.017072259,0.021315333,0.025058347,0.028322899,0.031127861,0.033494797,0.035447851,0.037012574,0.038214915,0.039080563,0.039634577,0.039901194,0.039903741,0.039664609,0.03920525,0.038546185,0.03770703,0.036706509,0.035562477,0.034291948,0.032911108,0.031435342,0.029879254,0.028256688,0.026580746,0.024863811,0.119749584
BS.3L_1|16541228-16546354|+|,8,28,0.285714286,31,135,0.22962963,3L_1|16541228-16546354|+|,BS,Non-LTR,16541228,16546354,3L_1,3,NA,NA,NA,4,5126,0.000780336,eu,.,0.00996255,0.015954376,0.02065616,0.024795068,0.028504014,0.031770335,0.034568999,0.036892508,0.038750962,0.040166091,0.041165926,0.041781248,0.04204353,0.04198383,0.041632245,0.041017657,0.04016764,0.039108436,0.037864962,0.036460844,0.034918444,0.033258897,0.031502147,0.029666981,0.027771064,0.025830974,0.023862234,0.021879347,0.086062528
BS.3L_1|16749238-16749364|-|,28,28,1,124,135,0.918518519,3L_1|16749238-16749364|-|,BS,Non-LTR,16749238,16749364,3L_1,3,NA,NA,NA,2,126,0.015873016,eu,.,0.009784844,0.015208491,0.019497496,0.023375011,0.026920602,0.030089143,0.032840057,0.035158144,0.037048607,0.038529046,0.039623495,0.040358777,0.040762485,0.04086194,0.04068369,0.040253281,0.039595168,0.038732691,0.037688087,0.036482506,0.035136041,0.03366775,0.032095691,0.030436946,0.028707647,0.026923009,0.025097351,0.023244126,0.101197877
BS.3L_1|18533138-18538263|+|,23,28,0.821428571,108,135,0.8,3L_1|18533138-18538263|+|,BS,Non-LTR,18533138,18538263,3L_1,3,NA,NA,NA,1,5125,0.000195122,eu,.,0.078469257,0.063070525,0.045015736,0.035072208,0.031078799,0.030263255,0.030870515,0.031962642,0.033080539,0.03401725,0.034691309,0.035081158,0.035192643,0.035043415,0.034655644,0.034052728,0.033257847,0.032293363,0.031180589,0.029939723,0.02858984,0.027148918,0.025633864,0.024060553,0.022443857,0.020797681,0.019134995,0.017467866,0.066433281
BS.3L_1|19139046-19139156|-|,5,28,0.178571429,15,135,0.111111111,3L_1|19139046-19139156|-|,BS,Non-LTR,19139046,19139156,3L_1,3,NA,NA,NA,0,110,0,eu,.,0.079569108,0.056331847,0.038994895,0.031330904,0.029105851,0.029359889,0.030561544,0.031980919,0.033288179,0.034345944,0.035107414,0.035567395,0.035739085,0.035643256,0.0353033,0.034743026,0.033985702,0.033053669,0.031968202,0.030749472,0.029416557,0.027987462,0.02647915,0.024907578,0.023287725,0.021633622,0.019958386,0.01827425,0.071325668
BS.3L_1|20703774-20703880|-|,22,28,0.785714286,78,135,0.577777778,3L_1|20703774-20703880|-|,BS,Non-LTR,20703774,20703880,3L_1,3,NA,NA,NA,4,106,0.037735849,eu,.,0.005813896,0.010964654,0.015560018,0.019650389,0.023267248,0.026436467,0.029182484,0.031529342,0.033500769,0.035120029,0.036409789,0.037392021,0.038087956,0.038518065,0.038702059,0.03865889,0.038406773,0.037963193,0.037344924,0.036568045,0.035647956,0.034599393,0.033436444,0.032172564,0.030820593,0.029392766,0.027900735,0.026355576,0.140596962
BS.3L_1|6998955-6999511|-|,4,28,0.142857143,14,135,0.103703704,3L_1|6998955-6999511|-|,BS,Non-LTR,6998955,6999511,3L_1,3,NA,NA,NA,5,556,0.008992806,eu,.,0.005562042,0.010565167,0.015055244,0.019064298,0.022619173,0.025744686,0.028464669,0.030802259,0.032779941,0.03441953,0.035742151,0.036768224,0.037517466,0.038008894,0.038260837,0.038290949,0.038116218,0.037752983,0.037216951,0.036523202,0.035686212,0.034719861,0.03363745,0.032451708,0.031174815,0.029818406,0.028393588,0.026910951,0.147932122
BS.3L_1|7134030-7134156|-|,15,28,0.535714286,55,135,0.407407407,3L_1|7134030-7134156|-|,BS,Non-LTR,7134030,7134156,3L_1,3,NA,NA,NA,0,126,0,eu,.,0.079973816,0.056556841,0.039094086,0.031365896,0.029109744,0.029348375,0.030541928,0.031956658,0.033260987,0.03431674,0.035076755,0.035535667,0.035706593,0.035610258,0.03527003,0.034709694,0.033952503,0.033020782,0.031935792,0.03071769,0.029385539,0.027957332,0.026450021,0.024879549,0.023260884,0.021608047,0.019934143,0.018251394,0.071212257
BS.3L_10|612529-612658|+|,27,28,0.964285714,102,135,0.755555556,3L_10|612529-612658|+|,BS,Non-LTR,612529,612658,3L_10,3,NA,NA,NA,2,129,0.015503876,het,.,0.009792389,0.015215769,0.019503457,0.023380014,0.026925081,0.030093362,0.032844129,0.035162088,0.037052394,0.038532626,0.039626813,0.04036178,0.040765126,0.040864179,0.040685496,0.040254629,0.03959604,0.038733077,0.037687982,0.036481912,0.035134964,0.033666203,0.03209369,0.030434509,0.0287048,0.026919778,0.025093766,0.02324022,0.101153725
BS.3R_28|10917414-10917543|+|,6,28,0.214285714,30,135,0.222222222,3R_28|10917414-10917543|+|,BS,Non-LTR,10917414,10917543,3R_28,3,NA,NA,NA,0,129,0,eu,.,0.08004978,0.056599055,0.039112686,0.031372449,0.029110463,0.029346204,0.030538237,0.031952097,0.033255876,0.034311252,0.035070994,0.035529706,0.035700489,0.035604061,0.035263782,0.034703436,0.03394627,0.033014609,0.031929709,0.030711726,0.02937972,0.02795168,0.026444558,0.024874294,0.023255852,0.021603253,0.0199296,0.018247111,0.071191051
BS.3R_28|11899325-11899427|-|,26,28,0.928571429,99,135,0.733333333,3R_28|11899325-11899427|-|,BS,Non-LTR,11899325,11899427,3R_28,3,NA,NA,NA,2,102,0.019607843,eu,.,0.009724656,0.015150315,0.019449713,0.02333478,0.02688449,0.030055065,0.03280713,0.035126226,0.037017941,0.038500039,0.039596596,0.040334414,0.040741039,0.040843733,0.040668983,0.040242272,0.039587998,0.038729447,0.037688806,0.036487178,0.035144611,0.033680126,0.032111744,0.030456513,0.028730539,0.026949007,0.025126216,0.023275596,0.101554826
BS.3R_28|12045451-12045495|+|,14,28,0.5,32,135,0.237037037,3R_28|12045451-12045495|+|,BS,Non-LTR,12045451,12045495,3R_28,3,NA,NA,NA,5,44,0.113636364,eu,.,0.005160539,0.009835539,0.014057081,0.017850227,0.021237243,0.024239142,0.026876208,0.029168133,0.031134051,0.032792531,0.034161568,0.035258585,0.036100437,0.036703411,0.037083246,0.037255131,0.037233725,0.037033161,0.036667063,0.036148549,0.035490249,0.034704308,0.033802403,0.032795749,0.031695111,0.030510811,0.029252743,0.027930376,0.167822683
BS.3R_28|13158408-13158766|+|,4,28,0.142857143,19,135,0.140740741,3R_28|13158408-13158766|+|,BS,Non-LTR,13158408,13158766,3R_28,3,NA,NA,NA,0,358,0,eu,.,0.085924433,0.059846664,0.040533812,0.031865534,0.029155471,0.029169666,0.030245309,0.031592541,0.032854383,0.033881139,0.034620377,0.035064265,0.035224703,0.035121756,0.034778369,0.034218018,0.033463691,0.032537474,0.031460404,0.030252422,0.028932384,0.027518085,0.026026285,0.024472744,0.022872251,0.021238659,0.019584911,0.017923074,0.069621172
BS.3R_28|16377375-16378121|+|,15,28,0.535714286,61,135,0.451851852,3R_28|16377375-16378121|+|,BS,Non-LTR,16377375,16378121,3R_28,3,NA,NA,NA,4,746,0.00536193,eu,.,0.006308203,0.011788695,0.01663396,0.020920828,0.024688693,0.027966438,0.03078083,0.033158574,0.035126442,0.036710969,0.03793815,0.038833243,0.039420658,0.039723908,0.039765591,0.039567392,0.039150098,0.038533614,0.037736984,0.036778409,0.035675267,0.034444137,0.033100815,0.031660335,0.030136991,0.028544352,0.026895284,0.025201966,0.122809176
BS.3R_28|1953820-1953955|+|,3,28,0.107142857,11,135,0.081481481,3R_28|1953820-1953955|+|,BS,Non-LTR,1953820,1953955,3R_28,3,NA,NA,NA,1,135,0.007407407,eu,.,0.021693653,0.024181389,0.024835667,0.026347574,0.028565271,0.031019831,0.033378669,0.035461148,0.037186768,0.038531433,0.039500176,0.040111991,0.040391925,0.04036713,0.040064983,0.039512218,0.038734559,0.03775657,0.03660162,0.035291888,0.033848382,0.03229097,0.030638415,0.028908404,0.027117584,0.025281589,0.023415075,0.02153175,0.087433367
BS.3R_28|20373808-20373937|+|,1,28,0.035714286,8,135,0.059259259,3R_28|20373808-20373937|+|,BS,Non-LTR,20373808,20373937,3R_28,3,NA,NA,NA,1,129,0.007751938,eu,.,0.021649028,0.024147778,0.024815683,0.026336458,0.028559133,0.03101637,0.033376678,0.03546004,0.037186277,0.038531451,0.039500663,0.040112939,0.040393334,0.040369003,0.040067317,0.039515009,0.038737794,0.037760235,0.036605696,0.035296351,0.033853205,0.032296124,0.030643868,0.028914122,0.027123529,0.025287724,0.023421361,0.021538146,0.087484682
BS.3R_28|2038948-2039078|+|,15,28,0.535714286,64,135,0.474074074,3R_28|2038948-2039078|+|,BS,Non-LTR,2038948,2039078,3R_28,3,NA,NA,NA,0,130,0,eu,.,0.080075107,0.056613128,0.039118886,0.031374632,0.029110702,0.02934548,0.030537006,0.031950575,0.033254171,0.034309421,0.035069073,0.035527719,0.035698454,0.035601994,0.035261699,0.034701349,0.033944192,0.033012551,0.031927681,0.030709738,0.02937778,0.027949796,0.026442737,0.024872542,0.023254175,0.021601655,0.019928085,0.018245684,0.071183986
BS.3R_28|3896448-3901554|-|,16,28,0.571428571,76,135,0.562962963,3R_28|3896448-3901554|-|,BS,Non-LTR,3896448,3901554,3R_28,3,NA,NA,NA,5,5106,0.00097924,eu,.,0.007862745,0.014027534,0.019276721,0.023860566,0.027856025,0.031292916,0.034194032,0.036585209,0.038496065,0.039958535,0.041005401,0.041669269,0.041981969,0.041974234,0.041675552,0.041114109,0.040316784,0.039309162,0.038115558,0.036759054,0.035261527,0.033643687,0.031925104,0.030124244,0.028258502,0.026344232,0.024396779,0.022430509,0.090283978
BS.3R_28|491514-491639|+|,21,28,0.75,53,135,0.392592593,3R_28|491514-491639|+|,BS,Non-LTR,491514,491639,3R_28,3,NA,NA,NA,6,125,0.048,eu,.,0.004727916,0.009046058,0.01297401,0.016530077,0.019731801,0.022596157,0.02513963,0.027378241,0.029327559,0.031002702,0.032418351,0.033588746,0.034527704,0.035248617,0.035764463,0.036087814,0.036230841,0.036205325,0.03602266,0.035693865,0.035229585,0.034640105,0.033935351,0.0331249,0.032217988,0.031223513,0.030150043,0.029005827,0.190230152
BS.3R_28|7693771-7698897|-|,8,28,0.285714286,18,135,0.133333333,3R_28|7693771-7698897|-|,BS,Non-LTR,7693771,7698897,3R_28,3,NA,NA,NA,6,5126,0.001170503,eu,.,0.007101125,0.013199266,0.018528842,0.023189138,0.027232747,0.030698028,0.033619914,0.036032841,0.0379711,0.039468531,0.040558174,0.041272021,0.041640879,0.041694304,0.041460584,0.040966744,0.040238569,0.03930063,0.038176312,0.036887843,0.03545633,0.033901783,0.032243151,0.030498346,0.028684276,0.026816872,0.024911117,0.022981073,0.095269458
BS.3R_28|8638519-8638583|+|,18,28,0.642857143,57,135,0.422222222,3R_28|8638519-8638583|+|,BS,Non-LTR,8638519,8638583,3R_28,3,NA,NA,NA,0,64,0,eu,.,0.078409661,0.055686351,0.038709783,0.0312299,0.029094096,0.029392373,0.030617302,0.03205002,0.033365709,0.034429267,0.03519494,0.035658018,0.035831938,0.035737598,0.035398471,0.03483842,0.034080764,0.033147886,0.032061103,0.030840625,0.029505567,0.028073971,0.026562837,0.024988154,0.023364934,0.021707241,0.020028223,0.018340139,0.071654708
BS.Contig119|36335-36464|+|,1,28,0.035714286,1,135,0.007407407,Contig119|36335-36464|+|,BS,Non-LTR,36335,36464,Contig119,4,NA,NA,NA,0,129,0,het,centromere,0.08004978,0.056599055,0.039112686,0.031372449,0.029110463,0.029346204,0.030538237,0.031952097,0.033255876,0.034311252,0.035070994,0.035529706,0.035700489,0.035604061,0.035263782,0.034703436,0.03394627,0.033014609,0.031929709,0.030711726,0.02937972,0.02795168,0.026444558,0.024874294,0.023255852,0.021603253,0.0199296,0.018247111,0.071191051
BS.Contig135|196819-198058|-|,18,28,0.642857143,80,135,0.592592593,Contig135|196819-198058|-|,BS,Non-LTR,196819,198058,Contig135,X,NA,NA,NA,90,1239,0.072639225,het,.,0,0,0,0,0,0,0,0,0,0,0,0,0,0,0,0,0,0,0,0,0,0,0,0,0,0,0,0,1
BS.Contig21|133563-138672|+|,23,28,0.821428571,112,135,0.82962963,Contig21|133563-138672|+|,BS,Non-LTR,133563,138672,Contig21,.,NA,NA,NA,17,5109,0.003327461,het,.,0.004336243,0.008330294,0.011995539,0.015345073,0.018391698,0.02114793,0.023626003,0.025837871,0.027795213,0.029509436,0.030991676,0.032252809,0.033303444,0.034153937,0.034814386,0.035294639,0.035604296,0.035752715,0.035749009,0.035602056,0.035320499,0.034912749,0.034386992,0.033751186,0.033013068,0.032180159,0.031259763,0.030258972,0.205082347
BS.Contig9|239688-239817|-|,10,28,0.357142857,29,135,0.214814815,Contig9|239688-239817|-|,BS,Non-LTR,239688,239817,Contig9,3,NA,NA,NA,0,129,0,het,.,0.08004978,0.056599055,0.039112686,0.031372449,0.029110463,0.029346204,0.030538237,0.031952097,0.033255876,0.034311252,0.035070994,0.035529706,0.035700489,0.035604061,0.035263782,0.034703436,0.03394627,0.033014609,0.031929709,0.030711726,0.02937972,0.02795168,0.026444558,0.024874294,0.023255852,0.021603253,0.0199296,0.018247111,0.071191051
BS.Contig9|242243-242372|-|,9,28,0.321428571,28,135,0.207407407,Contig9|242243-242372|-|,BS,Non-LTR,242243,242372,Contig9,3,NA,NA,NA,0,129,0,het,.,0.08004978,0.056599055,0.039112686,0.031372449,0.029110463,0.029346204,0.030538237,0.031952097,0.033255876,0.034311252,0.035070994,0.035529706,0.035700489,0.035604061,0.035263782,0.034703436,0.03394627,0.033014609,0.031929709,0.030711726,0.02937972,0.02795168,0.026444558,0.024874294,0.023255852,0.021603253,0.0199296,0.018247111,0.071191051
BS.X_1|13998361-13998397|-|,3,28,0.107142857,5,135,0.037037037,X_1|13998361-13998397|-|,BS,Non-LTR,13998361,13998397,X_1,X,NA,NA,NA,1,36,0.027777778,eu,.,0.013571126,0.016044501,0.01654282,0.017230061,0.018407208,0.019938582,0.021640784,0.023372695,0.025042699,0.026596941,0.028006622,0.029258406,0.030348047,0.031276444,0.032047286,0.032665714,0.033137568,0.033468989,0.033666196,0.033735387,0.033682683,0.033514099,0.033235539,0.032852791,0.032371521,0.031797281,0.031135504,0.030391508,0.225021
BS.X_1|17149636-17149724|+|,28,28,1,102,135,0.755555556,X_1|17149636-17149724|+|,BS,Non-LTR,17149636,17149724,X_1,X,NA,NA,NA,1,88,0.011363636,eu,.,0.013837557,0.016281586,0.016708009,0.017336923,0.018475414,0.019983162,0.021671441,0.023395187,0.025060237,0.026611206,0.028018414,0.02926804,0.030355586,0.03128182,0.032050379,0.032666384,0.033135677,0.033464407,0.03365881,0.033725099,0.033669412,0.033497781,0.033216126,0.03283025,0.032345835,0.031768448,0.031103537,0.030356432,0.22422684
BS.X_1|18199971-18200442|-|,7,28,0.25,28,135,0.207407407,X_1|18199971-18200442|-|,BS,Non-LTR,18199971,18200442,X_1,X,NA,NA,NA,0,471,0,eu,.,0.063503731,0.049828257,0.035090351,0.026417048,0.022352666,0.020983292,0.021049098,0.021819957,0.022890404,0.024040735,0.025154955,0.026174154,0.027070433,0.027832484,0.028457718,0.028948012,0.02930746,0.029541195,0.029654791,0.029653965,0.029544429,0.029331824,0.029021692,0.028619461,0.028130444,0.027559835,0.026912714,0.026194044,0.184914853
BS.X_1|19095536-19095612|-|,26,28,0.928571429,72,135,0.533333333,X_1|19095536-19095612|-|,BS,Non-LTR,19095536,19095612,X_1,X,NA,NA,NA,20,76,0.263157895,eu,.,0.000762897,0.001515717,0.002258497,0.002991275,0.00371409,0.004426978,0.005129979,0.005823128,0.006506465,0.007180027,0.007843851,0.008497974,0.009142434,0.009777269,0.010402516,0.011018212,0.011624394,0.012221099,0.012808365,0.013386228,0.013954726,0.014513895,0.015063773,0.015604396,0.016135801,0.016658024,0.017171103,0.017675074,0.726191812
BS.X_1|20264583-20264684|-|,28,28,1,98,135,0.725925926,X_1|20264583-20264684|-|,BS,Non-LTR,20264583,20264684,X_1,X,NA,NA,NA,4,101,0.03960396,eu,.,0.003166562,0.006091736,0.008819726,0.011370096,0.013752202,0.015971482,0.018032085,0.019937892,0.02169285,0.023301035,0.024766632,0.026093882,0.027287045,0.028350367,0.029288062,0.030104297,0.030803186,0.031388783,0.031865085,0.032236029,0.03250549,0.032677281,0.032755158,0.032742815,0.032643887,0.03246195,0.032200522,0.031863061,0.305830801
BS.X_1|8368263-8368590|+|,14,28,0.5,74,135,0.548148148,X_1|8368263-8368590|+|,BS,Non-LTR,8368263,8368590,X_1,X,NA,NA,NA,1,327,0.003058104,eu,.,0.015099048,0.017397059,0.017478048,0.017827739,0.018781207,0.020175626,0.021796823,0.023480989,0.025121899,0.026656919,0.028052212,0.029291662,0.030369556,0.031286058,0.032044526,0.032649981,0.033108256,0.033425534,0.033608105,0.033662247,0.033594163,0.033409952,0.033115598,0.032716967,0.032219801,0.031629724,0.030952239,0.030192733,0.220855332
DOC.2L_1|13456605-13461345|+|,2,28,0.071428571,3,135,0.022222222,2L_1|13456605-13461345|+|,DOC,Non-LTR,13456605,13461345,2L_1,2,NA,NA,NA,1,4740,0.00021097,eu,.,0.072593309,0.059255191,0.043165721,0.03436865,0.030974932,0.03046688,0.031235566,0.032417049,0.033587879,0.034557891,0.035253487,0.03565686,0.035775733,0.035628792,0.035238876,0.034629878,0.033825396,0.032848167,0.031719855,0.030460987,0.029090952,0.027628025,0.026089394,0.024491202,0.022848574,0.021175652,0.019485631,0.017790789,0.06773868
DOC.2L_1|13812806-13813821|-|,1,28,0.035714286,1,135,0.007407407,2L_1|13812806-13813821|-|,DOC,Non-LTR,13812806,13813821,2L_1,2,NA,NA,NA,0,1015,0,eu,.,0.10360551,0.069435392,0.044627853,0.033211069,0.029189765,0.028560634,0.029299674,0.030454825,0.031596589,0.032542635,0.033225626,0.0336307,0.033766214,0.033650227,0.033304358,0.032751059,0.032012437,0.031109777,0.030063358,0.028892402,0.02761508,0.026248528,0.02480888,0.023311297,0.021769998,0.020198292,0.018608609,0.017012523,0.06549669
DOC.2L_1|14518836-14522245|-|,17,28,0.607142857,68,135,0.503703704,2L_1|14518836-14522245|-|,DOC,Non-LTR,14518836,14522245,2L_1,2,NA,NA,NA,1,1973,0.000506842,eu,.,0.037887546,0.035870186,0.031326911,0.02951854,0.029884713,0.031345319,0.033162672,0.034931035,0.036454169,0.037651251,0.038500573,0.039009025,0.039196446,0.039087937,0.038710193,0.038089834,0.037252671,0.036223407,0.035025534,0.033681316,0.032211802,0.030636857,0.028975197,0.027244422,0.02546105,0.023640557,0.021797404,0.019945074,0.07727836
DOC.2L_1|18621086-18623882|+|,1,28,0.035714286,13,135,0.096296296,2L_1|18621086-18623882|+|,DOC,Non-LTR,18621086,18623882,2L_1,2,NA,NA,NA,1,2796,0.000357654,eu,.,0.046860172,0.04207957,0.034570845,0.030921421,0.030278789,0.03120411,0.032733504,0.034339179,0.035763241,0.036894821,0.037697875,0.038172501,0.038335281,0.038209663,0.037821417,0.037196548,0.036360392,0.035337235,0.034150184,0.032821131,0.031370766,0.029818605,0.028183024,0.026481291,0.024729608,0.022943138,0.021136042,0.019321514,0.074268134
DOC.2L_2|557749-558012|+|,8,28,0.285714286,33,135,0.244444444,2L_2|557749-558012|+|,DOC,Non-LTR,557749,558012,2L_2,2,NA,NA,NA,2,263,0.007604563,eu,.,0.010134589,0.015542435,0.01976722,0.023597974,0.027117617,0.030272999,0.033016425,0.035328278,0.037211457,0.038682563,0.039765345,0.040486702,0.040874474,0.040956295,0.040759046,0.040308599,0.03962972,0.038746045,0.037680081,0.036453231,0.035085817,0.033597111,0.032005364,0.030327831,0.028580802,0.026779633,0.024938767,0.023071765,0.099281815
DOC.2L_2|593537-597849|-|,2,28,0.071428571,2,135,0.014814815,2L_2|593537-597849|-|,DOC,Non-LTR,593537,597849,2L_2,2,NA,NA,NA,310,3442,0.090063916,eu,.,0,0,0,0,0,0,0,0,0,0,0,0,0,0,0,0,0,0,0,0,0,0,0,0,0,0,0,0,1
DOC.2R_18|234282-238984|-|,20,28,0.714285714,65,135,0.481481481,2R_18|234282-238984|-|,DOC,Non-LTR,234282,238984,2R_18,2,NA,NA,NA,5,4702,0.001063377,het,.,0.007654039,0.013794453,0.019059455,0.023659401,0.027664666,0.03110718,0.034012816,0.036409575,0.03832821,0.03980107,0.04086092,0.041540127,0.041870175,0.041881418,0.041602962,0.041062627,0.040286947,0.039301185,0.038129366,0.036794301,0.035317623,0.03371982,0.032020265,0.030237247,0.028388007,0.026488762,0.024554741,0.022600211,0.091852431
DOC.2R_18|356675-356939|+|,24,28,0.857142857,115,135,0.851851852,2R_18|356675-356939|+|,DOC,Non-LTR,356675,356939,2R_18,2,NA,NA,NA,17,264,0.064393939,het,.,0.001954804,0.003832375,0.005633977,0.007360862,0.009014273,0.010595442,0.01210559,0.013545931,0.014917665,0.016221985,0.017460073,0.018633102,0.019742232,0.020788617,0.0217734,0.022697712,0.023562678,0.024369412,0.025119016,0.025812586,0.026451207,0.027035954,0.027567892,0.02804808,0.028477564,0.028857382,0.029188563,0.029472126,0.459759499
DOC.2R_18|444747-446158|+|,3,28,0.107142857,10,135,0.074074074,2R_18|444747-446158|+|,DOC,Non-LTR,444747,446158,2R_18,2,NA,NA,NA,2,1411,0.001417434,het,.,0.013535303,0.01855445,0.021943045,0.025164273,0.028325253,0.031283486,0.033913892,0.036148495,0.037964079,0.039364713,0.040369075,0.041002803,0.041294294,0.04127254,0.040966066,0.040402446,0.039608096,0.038608201,0.037426707,0.036086338,0.034608623,0.033013925,0.03132148,0.029549424,0.027714831,0.02583374,0.023921189,0.021991249,0.088811983
DOC.2R_19|146744-147883|+|,26,28,0.928571429,85,135,0.62962963,2R_19|146744-147883|+|,DOC,Non-LTR,146744,147883,2R_19,2,NA,NA,NA,60,1139,0.052677788,het,.,0,0,0,0,0,0,0,0,0,0,0,0,0,0,0,0,0,0,0,0,0,0,0,0,0,0,0,0,1
DOC.2R_20|959872-960313|+|,1,28,0.035714286,5,135,0.037037037,2R_20|959872-960313|+|,DOC,Non-LTR,959872,960313,2R_20,2,NA,NA,NA,31,441,0.070294785,het,.,0.000905086,0.001795559,0.002671488,0.003532943,0.004379993,0.005212706,0.006031152,0.0068354,0.007625519,0.008401576,0.009163641,0.009911782,0.010646067,0.011366564,0.012073342,0.012766467,0.013446008,0.014112033,0.014764609,0.015403802,0.016029682,0.016642314,0.017241765,0.017828103,0.018401394,0.018961705,0.019509102,0.020043652,0.684296546
DOC.2R_20|961366-962824|+|,1,28,0.035714286,3,135,0.022222222,2R_20|961366-962824|+|,DOC,Non-LTR,961366,962824,2R_20,2,NA,NA,NA,94,1458,0.064471879,het,.,0,0,0,0,0,0,0,0,0,0,0,0,0,0,0,0,0,0,0,0,0,0,0,0,0,0,0,0,1
DOC.2R_21|10695962-10700685|-|,1,28,0.035714286,3,135,0.022222222,2R_21|10695962-10700685|-|,DOC,Non-LTR,10695962,10700685,2R_21,2,NA,NA,NA,3,4723,0.000635189,eu,.,0.014667697,0.01986581,0.023089601,0.026112636,0.029128218,0.031993593,0.034563362,0.036751428,0.038523034,0.039876219,0.040827184,0.041401095,0.041626904,0.041534616,0.041153942,0.04051366,0.039641346,0.038563272,0.037304384,0.035888321,0.034337437,0.032672844,0.030914439,0.029080951,0.027189966,0.025257971,0.023300384,0.021331592,0.082888095
DOC.2R_21|290593-290730|-|,20,28,0.714285714,94,135,0.696296296,2R_21|290593-290730|-|,DOC,Non-LTR,290593,290730,2R_21,2,NA,NA,NA,8,137,0.058394161,het,.,0.00390541,0.007520365,0.01085579,0.013922364,0.016730525,0.019290477,0.021612193,0.023705417,0.02557967,0.02724425,0.028708238,0.029980497,0.031069682,0.031984236,0.032732394,0.033322191,0.03376146,0.034057837,0.034218763,0.034251486,0.034163067,0.033960381,0.033650118,0.033238788,0.032732724,0.032138083,0.03146085,0.030706839,0.243495902
DOC.2R_21|4675475-4680195|+|,1,28,0.035714286,1,135,0.007407407,2R_21|4675475-4680195|+|,DOC,Non-LTR,4675475,4680195,2R_21,2,NA,NA,NA,0,4720,0,eu,.,0.22231358,0.128335612,0.067189486,0.03901044,0.027511608,0.023376496,0.022316668,0.02244558,0.022944559,0.023465206,0.023866427,0.024098234,0.024150184,0.02402852,0.023746119,0.023318125,0.022760095,0.022087238,0.021314115,0.020454544,0.019521577,0.018527504,0.017483879,0.01640154,0.015290636,0.014160647,0.013020407,0.01187813,0.044982845
DOC.2R_21|612686-613051|-|,25,28,0.892857143,116,135,0.859259259,2R_21|612686-613051|-|,DOC,Non-LTR,612686,613051,2R_21,2,NA,NA,NA,46,365,0.126027397,het,.,0,0,0,0,0,0,0,0,0,0,0,0,0,0,0,0,0,0,0,0,0,0,0,0,0,0,0,0,1
DOC.2R_21|732406-737122|+|,10,28,0.357142857,28,135,0.207407407,2R_21|732406-737122|+|,DOC,Non-LTR,732406,737122,2R_21,2,NA,NA,NA,2,4716,0.000424088,het,.,0.029195544,0.030928049,0.029349229,0.029063241,0.030140437,0.031932116,0.033910592,0.035762523,0.03733085,0.038551322,0.039409495,0.03991575,0.040091905,0.039964409,0.03956104,0.038909365,0.038036053,0.036966608,0.035725264,0.034334977,0.032817441,0.031193119,0.029481279,0.027700031,0.025866363,0.02399618,0.022104333,0.020204661,0.077557824
DOC.2R_21|855797-855974|-|,10,28,0.357142857,34,135,0.251851852,2R_21|855797-855974|-|,DOC,Non-LTR,855797,855974,2R_21,2,NA,NA,NA,10,177,0.056497175,het,.,0.003289116,0.006366468,0.009238671,0.011912224,0.014393512,0.0166888,0.018804245,0.020745889,0.022519662,0.024131387,0.025586775,0.026891431,0.028050855,0.02907044,0.029955475,0.030711148,0.031342543,0.031854645,0.032252339,0.032540412,0.032723555,0.03280636,0.032793328,0.032688862,0.032497276,0.03222279,0.031869535,0.031441552,0.294610704
DOC.3_scaffold1|136891-141613|+|,9,28,0.321428571,40,135,0.296296296,3_scaffold1|136891-141613|+|,DOC,Non-LTR,136891,141613,3_scaffold1,3,NA,NA,NA,0,4722,0,het,.,0.22238354,0.128367916,0.067200732,0.039012621,0.027509995,0.023373184,0.0223125,0.02244092,0.022939584,0.02346002,0.023861103,0.024092831,0.024144749,0.024023097,0.023740746,0.023312836,0.022754922,0.022082206,0.02130925,0.020449866,0.019517102,0.018523248,0.017479855,0.016397758,0.015287102,0.014157366,0.013017384,0.011875365,0.044972203
DOC.3_scaffold1|2008218-2008769|+|,2,28,0.071428571,9,135,0.066666667,3_scaffold1|2008218-2008769|+|,DOC,Non-LTR,2008218,2008769,3_scaffold1,3,NA,NA,NA,0,551,0,het,.,0.090994997,0.062623706,0.041734005,0.032270312,0.029178285,0.029004278,0.029981245,0.031272115,0.032498658,0.03350157,0.034224023,0.034656118,0.034808721,0.03470132,0.034356486,0.033797408,0.03304683,0.032126616,0.031057592,0.0298595,0.028551004,0.027149712,0.02567221,0.024134085,0.022549967,0.020933551,0.019297634,0.017654139,0.068363913
DOC.3_scaffold1|2195533-2196084|+|,3,28,0.107142857,10,135,0.074074074,3_scaffold1|2195533-2196084|+|,DOC,Non-LTR,2195533,2196084,3_scaffold1,3,NA,NA,NA,1,551,0.001814882,het,.,0.024914048,0.026578899,0.026233233,0.027096604,0.028950258,0.031208819,0.03346016,0.035478747,0.037160838,0.03847098,0.039408965,0.03999155,0.040242965,0.040190192,0.039860706,0.039281448,0.038478373,0.037476273,0.036298731,0.034968111,0.033505588,0.031931175,0.030263757,0.028521122,0.026719997,0.024876081,0.023004076,0.021117716,0.084310589
DOC.3_scaffold1|2593403-2598128|+|,1,28,0.035714286,4,135,0.02962963,3_scaffold1|2593403-2598128|+|,DOC,Non-LTR,2593403,2598128,3_scaffold1,3,NA,NA,NA,2,4725,0.00042328,het,.,0.029251709,0.030970818,0.029373431,0.029074651,0.030144352,0.03193188,0.03390807,0.035758701,0.037326242,0.038546201,0.039404015,0.039910009,0.040085971,0.039958339,0.039554883,0.038903163,0.038029847,0.036960435,0.035719159,0.034328972,0.032811565,0.031187398,0.029475738,0.027694691,0.025861245,0.023991301,0.022099708,0.020200303,0.077537201
DOC.3_scaffold1|538638-539256|-|,3,28,0.107142857,8,135,0.059259259,3_scaffold1|538638-539256|-|,DOC,Non-LTR,538638,539256,3_scaffold1,3,NA,NA,NA,2,618,0.003236246,het,.,0.011092769,0.016427271,0.020448476,0.024130597,0.027564887,0.030674833,0.033392186,0.035684514,0.037547912,0.038995869,0.040051051,0.040740308,0.041091914,0.041134144,0.040894585,0.040399814,0.039675274,0.038745232,0.037632788,0.036359886,0.034947347,0.033414898,0.0317812,0.03006388,0.028279561,0.026443894,0.02457158,0.022676406,0.095136924
DOC.3_scaffold1|687286-687332|-|,13,28,0.464285714,29,135,0.214814815,3_scaffold1|687286-687332|-|,DOC,Non-LTR,687286,687332,3_scaffold1,3,NA,NA,NA,2,46,0.043478261,het,.,0.009585438,0.015014891,0.019337524,0.023239455,0.026798267,0.029973265,0.032727819,0.035049168,0.036943776,0.038429773,0.039531323,0.040275176,0.04068876,0.040799194,0.040632815,0.040214962,0.039569892,0.038720762,0.037689635,0.036497504,0.035164313,0.033708989,0.032149464,0.03050271,0.02878476,0.027010737,0.025194882,0.023350578,0.102414169
DOC.3_scaffold1|820968-825663|-|,7,28,0.25,24,135,0.177777778,3_scaffold1|820968-825663|-|,DOC,Non-LTR,820968,825663,3_scaffold1,3,NA,NA,NA,8,4695,0.00170394,het,.,0.006336841,0.011998943,0.017030015,0.021468313,0.025349347,0.028706947,0.031573653,0.033980847,0.035958795,0.037536667,0.038742544,0.03960344,0.040145315,0.040393099,0.04037071,0.040101083,0.039606184,0.038907042,0.038023762,0.036975553,0.035780749,0.03445683,0.033020442,0.031487419,0.029872805,0.028190872,0.026455141,0.024678402,0.11324824
DOC.3_scaffold2|1207136-1211645|+|,28,28,1,128,135,0.948148148,3_scaffold2|1207136-1211645|+|,DOC,Non-LTR,1207136,1211645,3_scaffold2,3,NA,NA,NA,6,4509,0.001330672,het,.,0.006915762,0.012927326,0.018204728,0.022827498,0.026843488,0.030290538,0.033203727,0.035617352,0.03756518,0.039080262,0.040194703,0.040939513,0.041344515,0.04143832,0.041248318,0.040800692,0.040120441,0.039231408,0.038156303,0.03691674,0.035533258,0.034025353,0.032411505,0.030709207,0.028934993,0.02710446,0.025232303,0.02333233,0.098849775
DOC.3_scaffold2|415395-420098|+|,25,28,0.892857143,94,135,0.696296296,3_scaffold2|415395-420098|+|,DOC,Non-LTR,415395,420098,3_scaffold2,3,NA,NA,NA,9,4703,0.001913672,het,.,0.006065914,0.011510388,0.01636828,0.020672598,0.024454999,0.027745993,0.030575031,0.032970547,0.034959981,0.0365698,0.037825516,0.038751705,0.039372025,0.039709236,0.039785219,0.039620995,0.039236747,0.038651832,0.037884807,0.036953443,0.035874742,0.034664962,0.033339624,0.03191354,0.030400823,0.028814906,0.027168561,0.025473912,0.122663874
DOC.3_scaffold2|728919-730159|+|,17,28,0.607142857,76,135,0.562962963,3_scaffold2|728919-730159|+|,DOC,Non-LTR,728919,730159,3_scaffold2,3,NA,NA,NA,119,1240,0.095967742,het,.,0,0,0,0,0,0,0,0,0,0,0,0,0,0,0,0,0,0,0,0,0,0,0,0,0,0,0,0,1
DOC.3_scaffold2|910286-914976|+|,1,28,0.035714286,1,135,0.007407407,3_scaffold2|910286-914976|+|,DOC,Non-LTR,910286,914976,3_scaffold2,3,NA,NA,NA,8,4690,0.001705757,het,.,0.006335338,0.011996232,0.017026343,0.021463897,0.025344383,0.028701613,0.03156811,0.033975239,0.035953251,0.037531299,0.038737453,0.039598711,0.040141021,0.040389301,0.040367458,0.040098416,0.039604131,0.038905623,0.038022988,0.036975427,0.035781268,0.034457983,0.033022211,0.031489782,0.029875734,0.028194334,0.026459099,0.024682817,0.113300539
DOC.3Cen_31_D1643_D1653_D1791_8|58793-63447|+|,1,28,0.035714286,3,135,0.022222222,3Cen_31_D1643_D1653_D1791_8|58793-63447|+|,DOC,Non-LTR,58793,63447,3Cen_31_D1643_D1653_D1791_8,3,NA,NA,NA,11,4654,0.002363558,het,.,0.005507665,0.010490553,0.014974899,0.018986142,0.022548953,0.02568725,0.028424216,0.030782308,0.032783278,0.03444818,0.035797385,0.036850595,0.037626854,0.038144561,0.038421482,0.038474765,0.038320949,0.037975976,0.037455208,0.036773431,0.035944872,0.03498321,0.033901586,0.032712614,0.031428393,0.030060519,0.028620092,0.027117733,0.144756329
DOC.3L_1|14741281-14743749|+|,1,28,0.035714286,6,135,0.044444444,3L_1|14741281-14743749|+|,DOC,Non-LTR,14741281,14743749,3L_1,3,NA,NA,NA,2,2468,0.000810373,eu,.,0.017524452,0.021833273,0.024031666,0.026395216,0.029042263,0.031711172,0.034177616,0.036311959,0.038057116,0.039399989,0.040351188,0.040932939,0.041172495,0.041098744,0.040740555,0.040126005,0.039282052,0.038234404,0.03700749,0.035624467,0.034107248,0.032476535,0.030751851,0.028951581,0.027092998,0.025192308,0.023264675,0.021324257,0.083783485
DOC.3L_1|16461801-16464083|+|,5,28,0.178571429,15,135,0.111111111,3L_1|16461801-16464083|+|,DOC,Non-LTR,16461801,16464083,3L_1,3,NA,NA,NA,1,2282,0.000438212,eu,.,0.041125956,0.038127576,0.032517155,0.030042134,0.030041448,0.031306802,0.033018858,0.034727539,0.036214113,0.037386764,0.038218541,0.038713853,0.038891366,0.038775594,0.038392912,0.037769737,0.036931725,0.035903443,0.03470826,0.033368319,0.031904551,0.030336706,0.028683388,0.026962084,0.025189206,0.023380123,0.021549193,0.0197098,0.076102856
DOC.3L_1|18612175-18614095|+|,1,28,0.035714286,9,135,0.066666667,3L_1|18612175-18614095|+|,DOC,Non-LTR,18612175,18614095,3L_1,3,NA,NA,NA,5,1920,0.002604167,eu,.,0.00638038,0.011998763,0.016973518,0.021363801,0.025208343,0.028539409,0.03138736,0.03378186,0.035752008,0.037326213,0.03853205,0.039396166,0.039944232,0.040200927,0.04018994,0.039933983,0.039454811,0.038773236,0.037909159,0.036881583,0.035708639,0.034407608,0.03299494,0.031486279,0.02989648,0.028239632,0.026529078,0.024777432,0.116032169
DOC.3L_1|23572855-23572986|+|,24,28,0.857142857,102,135,0.755555556,3L_1|23572855-23572986|+|,DOC,Non-LTR,23572855,23572986,3L_1,3,NA,NA,NA,1,131,0.007633588,het,.,0.021663898,0.024158978,0.024822344,0.026340165,0.028561181,0.031017526,0.033377345,0.035460412,0.037186444,0.038531448,0.039500504,0.040112626,0.040392867,0.040368381,0.040066541,0.03951408,0.038736717,0.037759014,0.036604338,0.035294864,0.033851598,0.032294406,0.03064205,0.028912216,0.027121547,0.025285678,0.023419265,0.021536013,0.087467555
DOC.3L_1|23604619-23609322|+|,7,28,0.25,20,135,0.148148148,3L_1|23604619-23609322|+|,DOC,Non-LTR,23604619,23609322,3L_1,3,NA,NA,NA,13,4703,0.002764193,het,.,0.005023973,0.009601777,0.013753792,0.017499859,0.02085928,0.023850834,0.026492783,0.028802877,0.030798369,0.032496017,0.033912095,0.035062403,0.035962269,0.036626563,0.037069703,0.03730566,0.03734797,0.037209737,0.036903645,0.036441963,0.035836553,0.035098875,0.034239999,0.033270608,0.032201007,0.031041128,0.02980054,0.028488455,0.167001268
DOC.3L_1|24374712-24377440|+|,1,28,0.035714286,12,135,0.088888889,3L_1|24374712-24377440|+|,DOC,Non-LTR,24374712,24377440,3L_1,3,NA,NA,NA,0,2728,0,het,.,0.155080304,0.096032661,0.055328046,0.036294109,0.02876328,0.026452054,0.026320529,0.02698029,0.027813715,0.028556,0.029102598,0.029420947,0.029510143,0.02938266,0.029056148,0.028549839,0.027882996,0.027074281,0.026141506,0.025101563,0.023970406,0.022763071,0.021493702,0.020175575,0.01882113,0.017441999,0.016049029,0.014652315,0.055789106
DOC.3L_1|6035874-6038179|-|,9,28,0.321428571,19,135,0.140740741,3L_1|6035874-6038179|-|,DOC,Non-LTR,6035874,6038179,3L_1,3,NA,NA,NA,3,2305,0.001301518,eu,.,0.009608138,0.015429083,0.020063373,0.024173689,0.027867301,0.031125775,0.033924878,0.03625879,0.03813847,0.039585547,0.040627266,0.041293239,0.041613599,0.041618024,0.041335261,0.040792911,0.040017344,0.039033687,0.037865834,0.036536468,0.035067093,0.03347807,0.031788641,0.03001697,0.028180166,0.026294321,0.024374538,0.02243496,0.091456565
DOC.3L_10|1186815-1191539|+|,21,28,0.75,73,135,0.540740741,3L_10|1186815-1191539|+|,DOC,Non-LTR,1186815,1191539,3L_10,3,NA,NA,NA,3,4724,0.000635055,het,.,0.014670375,0.01986806,0.023091024,0.026113432,0.029128623,0.031993771,0.03456341,0.036751398,0.038522954,0.039876101,0.040827034,0.041400918,0.041626701,0.04153439,0.041153693,0.040513391,0.039641059,0.038562968,0.037304066,0.035887989,0.034337096,0.032672494,0.030914083,0.029080591,0.027189604,0.02525761,0.023300026,0.021331238,0.082885902
DOC.3L_10|293272-294262|-|,17,28,0.607142857,76,135,0.562962963,3L_10|293272-294262|-|,DOC,Non-LTR,293272,294262,3L_10,3,NA,NA,NA,1,990,0.001010101,het,.,0.028588701,0.029260312,0.027745225,0.027856024,0.029288186,0.031319829,0.033447136,0.035393249,0.037027922,0.0383027,0.039211268,0.039767656,0.03999496,0.03991976,0.039569442,0.038970987,0.03815043,0.037132654,0.035941323,0.03459887,0.033126525,0.03154434,0.029871226,0.028124985,0.026322345,0.024478993,0.02260961,0.0207279,0.081707445
DOC.3L_10|295046-295670|-|,9,28,0.321428571,34,135,0.251851852,3L_10|295046-295670|-|,DOC,Non-LTR,295046,295670,3L_10,3,NA,NA,NA,0,624,0,het,.,0.092936176,0.063681168,0.042188334,0.032421944,0.029185151,0.028940003,0.029879705,0.031149273,0.032362449,0.033356309,0.034072376,0.034499973,0.034649581,0.034540469,0.03419507,0.033636465,0.032887307,0.031969378,0.030903426,0.02970912,0.028405054,0.02700877,0.025536788,0.024004638,0.022426891,0.020817188,0.019188273,0.017552021,0.067896702
DOC.3L_4|1018104-1022470|+|,26,28,0.928571429,48,135,0.355555556,3L_4|1018104-1022470|+|,DOC,Non-LTR,1018104,1022470,3L_4,3,NA,NA,NA,20,4366,0.004580852,het,.,0.003537233,0.006838624,0.00991157,0.012763346,0.015401103,0.017831868,0.020062553,0.022099945,0.023950718,0.025621426,0.027118507,0.028448286,0.029616973,0.030630665,0.03149535,0.032216902,0.032801088,0.033253566,0.033579888,0.033785497,0.033875734,0.033855834,0.03373093,0.033506051,0.033186128,0.03277599,0.032280368,0.031703895,0.264119962
DOC.3L_4|1320112-1320480|+|,24,28,0.857142857,124,135,0.918518519,3L_4|1320112-1320480|+|,DOC,Non-LTR,1320112,1320480,3L_4,3,NA,NA,NA,29,368,0.078804348,het,.,0.000977174,0.001936901,0.002879278,0.003804398,0.004712359,0.005603254,0.006477179,0.007334229,0.008174497,0.008998079,0.009805068,0.010595559,0.011369644,0.012127418,0.012868973,0.013594403,0.014303801,0.014997258,0.015674869,0.016336724,0.016982916,0.017613537,0.018228678,0.018828431,0.019412886,0.019982136,0.020536271,0.021075381,0.664768698
DOC.3L_4|132333-132790|-|,25,28,0.892857143,89,135,0.659259259,3L_4|132333-132790|-|,DOC,Non-LTR,155304,156017,3L_4,3,NA,NA,NA,40,713,0.056100982,het,.,0.000656652,0.001306512,0.001949598,0.002585927,0.003215516,0.003838382,0.004454542,0.005064013,0.005666813,0.006262957,0.006852464,0.007435349,0.008011631,0.008581325,0.00914445,0.009701021,0.010251056,0.010794572,0.011331585,0.011862112,0.012386171,0.012903778,0.013414949,0.013919702,0.014418054,0.01491002,0.015395619,0.015874867,0.757810362
DOC.3L_4|399703-399807|-|,8,28,0.285714286,44,135,0.325925926,3L_4|399703-399807|-|,DOC,Non-LTR,399703,399807,3L_4,3,NA,NA,NA,8,104,0.076923077,het,.,0.003877347,0.0074679,0.01078238,0.013831264,0.016624798,0.019172996,0.021485649,0.023572325,0.025442374,0.027104929,0.028568911,0.029843028,0.030935786,0.031855482,0.032610215,0.033207883,0.033656191,0.033962649,0.034134579,0.034179115,0.034103205,0.033913618,0.033616942,0.033219589,0.032727799,0.032147638,0.031485007,0.030745637,0.245724763
DOC.3L_4|481930-482089|+|,14,28,0.5,49,135,0.362962963,3L_4|481930-482089|+|,DOC,Non-LTR,481930,482089,3L_4,3,NA,NA,NA,6,159,0.037735849,het,.,0.004756747,0.009099385,0.013047852,0.016620744,0.019835867,0.022710448,0.025261214,0.027504418,0.029455851,0.031130847,0.032544292,0.033710626,0.034643852,0.035357546,0.035864857,0.036178525,0.036310877,0.036273845,0.036078966,0.035737394,0.035259904,0.034656903,0.033938432,0.033114178,0.032193478,0.031185329,0.030098389,0.028940992,0.188488245
DOC.3L_5|520205-521195|-|,4,28,0.142857143,10,135,0.074074074,3L_5|520205-521195|-|,DOC,Non-LTR,520205,521195,3L_5,3,NA,NA,NA,1,990,0.001010101,het,.,0.028588701,0.029260312,0.027745225,0.027856024,0.029288186,0.031319829,0.033447136,0.035393249,0.037027922,0.0383027,0.039211268,0.039767656,0.03999496,0.03991976,0.039569442,0.038970987,0.03815043,0.037132654,0.035941323,0.03459887,0.033126525,0.03154434,0.029871226,0.028124985,0.026322345,0.024478993,0.02260961,0.0207279,0.081707445
DOC.3L_5|521980-522604|-|,22,28,0.785714286,97,135,0.718518519,3L_5|521980-522604|-|,DOC,Non-LTR,521980,522604,3L_5,3,NA,NA,NA,1,624,0.001602564,het,.,0.025505205,0.027013729,0.026481609,0.027224555,0.029010666,0.031232846,0.033464267,0.035471139,0.037145448,0.03844965,0.039382557,0.039960498,0.040207531,0.040150586,0.039817137,0.03923414,0.038427575,0.037422259,0.036241796,0.034908572,0.033443777,0.031867438,0.03019845,0.02845461,0.026652651,0.024808275,0.022936183,0.02105011,0.083836742
DOC.3R_28|20807673-20812398|+|,1,28,0.035714286,1,135,0.007407407,3R_28|20807673-20812398|+|,DOC,Non-LTR,20807673,20812398,3R_28,3,NA,NA,NA,0,4725,0,eu,.,0.222488484,0.12841637,0.067217598,0.03901589,0.027507575,0.023368217,0.022306248,0.022433928,0.022932121,0.023452242,0.023853118,0.024084725,0.024136596,0.024014962,0.023732686,0.023304904,0.022747162,0.02207466,0.021301952,0.020442848,0.019510391,0.018516866,0.017473819,0.016392084,0.015281801,0.014152446,0.013012849,0.011871218,0.04495624
DOC.3R_28|21204899-21209439|-|,22,28,0.785714286,109,135,0.807407407,3R_28|21204899-21209439|-|,DOC,Non-LTR,21204899,21209439,3R_28,3,NA,NA,NA,9,4540,0.001982379,eu,.,0.006010753,0.011409787,0.016231027,0.020506697,0.024267746,0.027544018,0.030364335,0.032756529,0.034747469,0.036363079,0.037628354,0.038567383,0.039203359,0.039558609,0.0396546,0.039511969,0.039150534,0.038589312,0.037846544,0.036939703,0.03588552,0.034699994,0.033398415,0.031995377,0.030504797,0.028939929,0.027313381,0.025637132,0.124773647
DOC.Contig119|29282-31824|+|,4,28,0.142857143,17,135,0.125925926,Contig119|29282-31824|+|,DOC,Non-LTR,29282,31824,Contig119,4,NA,NA,NA,5,2542,0.001966955,het,centromere,0.006677469,0.012480766,0.017589478,0.022082223,0.02600342,0.029387207,0.032265214,0.03466859,0.036628215,0.038174456,0.039336912,0.040144239,0.040624053,0.040802888,0.040706192,0.040358327,0.039782595,0.039001254,0.038035549,0.036905731,0.035631084,0.034229953,0.032719763,0.031117048,0.029437471,0.027695852,0.025906187,0.024081673,0.10752619
DOC.Contig119|32100-34138|+|,1,28,0.035714286,1,135,0.007407407,Contig119|32100-34138|+|,DOC,Non-LTR,32100,34138,Contig119,4,NA,NA,NA,12,2038,0.005888126,het,centromere,0.004003607,0.007707985,0.011124213,0.014263137,0.017135373,0.019751307,0.022121106,0.024254711,0.026161846,0.02785202,0.029334528,0.030618454,0.031712676,0.032625865,0.033366491,0.033942825,0.03436294,0.034634714,0.034765835,0.034763802,0.034635924,0.03438933,0.034030964,0.033567595,0.033005811,0.032352029,0.031612493,0.030793277,0.231109143
DOC.Contig79|23006-27592|-|,10,28,0.357142857,35,135,0.259259259,Contig79|23006-27592|-|,DOC,Non-LTR,23006,27592,Contig79,X,NA,NA,NA,25,4586,0.005451374,het,centromere,0.001559223,0.003071972,0.004538723,0.005959949,0.007336122,0.008667712,0.009955187,0.011199012,0.012399652,0.013557569,0.014673224,0.015747074,0.016779577,0.017771187,0.018722357,0.019633538,0.020505179,0.021337727,0.022131627,0.022887324,0.023605258,0.02428587,0.024929597,0.025536875,0.026108139,0.026643822,0.027144353,0.027610161,0.525701987
DOC.X_1|21671861-21673834|+|,1,28,0.035714286,2,135,0.014814815,X_1|21671861-21673834|+|,DOC,Non-LTR,21671861,21673834,X_1,X,NA,NA,NA,4,1973,0.002027369,eu,.,0.00396498,0.007364213,0.010435035,0.013269151,0.015898961,0.018334633,0.020579381,0.02263528,0.024505128,0.026192779,0.027702974,0.029041059,0.030212739,0.031223908,0.032080521,0.032788527,0.033353824,0.033782232,0.034079485,0.03425122,0.034302976,0.034240193,0.034068211,0.033792272,0.033417519,0.032948998,0.03239166,0.031750357,0.251391783
DOC.X_1|6396008-6400705|+|,2,28,0.071428571,3,135,0.022222222,X_1|6396008-6400705|+|,DOC,Non-LTR,6396008,6400705,X_1,X,NA,NA,NA,0,4697,0,eu,.,0.167817649,0.114283168,0.067238228,0.040424969,0.02694153,0.02065367,0.018042913,0.017260335,0.017353227,0.01783288,0.01844998,0.019078999,0.019658406,0.020159615,0.020570842,0.020888751,0.02111416,0.021249872,0.021299581,0.021267347,0.02115734,0.020973718,0.020720584,0.020401954,0.02002176,0.019583838,0.019091936,0.018549711,0.127913037
DOC2_DM.2L_2|212721-213870|-|,24,28,0.857142857,129,135,0.955555556,2L_2|212721-213870|-|,DOC2_DM,Non-LTR,212721,213870,2L_2,2,NA,NA,NA,12,1149,0.010443864,eu,.,0.00345942,0.006688685,0.009695182,0.01248617,0.015068771,0.017449983,0.019636672,0.021635578,0.023453318,0.02509638,0.026571134,0.027883826,0.029040582,0.030047409,0.030910199,0.031634723,0.032226642,0.032691499,0.033034729,0.033261652,0.03337748,0.033387316,0.033296156,0.03310889,0.032830302,0.032465073,0.03201778,0.031492903,0.276051547
DOC2_DM.2L_2|994948-998543|-|,3,28,0.107142857,6,135,0.044444444,2L_2|994948-998543|-|,DOC2_DM,Non-LTR,994948,998543,2L_2,2,NA,NA,NA,59,3595,0.016411683,eu,.,0,0,0,0,0,0,0,0,0,0,0,0,0,0,0,0,0,0,0,0,0,0,0,0,0,0,0,0,1
DOC2_DM.2R_20|677906-681971|+|,23,28,0.821428571,116,135,0.859259259,2R_20|677906-681971|+|,DOC2_DM,Non-LTR,677906,681971,2R_20,2,NA,NA,NA,40,4065,0.009840098,het,.,0.001590944,0.003133303,0.004627595,0.006074334,0.007474035,0.008827207,0.010134359,0.011395997,0.012612627,0.013784749,0.014912863,0.015997467,0.017039057,0.018038126,0.018995164,0.019910662,0.020785104,0.021618977,0.022412762,0.02316694,0.023881989,0.024558385,0.025196602,0.025797111,0.026360382,0.026886883,0.027377079,0.027831433,0.519577864
DOC2_DM.2R_21|1494304-1494433|-|,2,28,0.071428571,7,135,0.051851852,2R_21|1494304-1494433|-|,DOC2_DM,Non-LTR,1494304,1494433,2R_21,2,NA,NA,NA,17,129,0.131782946,het,.,0.001871823,0.003672724,0.005403804,0.007066155,0.008660862,0.010189001,0.011651638,0.013049833,0.014384637,0.015657093,0.016868235,0.018019088,0.019110672,0.020143995,0.02112006,0.022039861,0.022904383,0.023714605,0.024471495,0.025176016,0.025829123,0.026431761,0.026984869,0.027489378,0.02794621,0.028356281,0.028720498,0.029039762,0.474026137
DOC2_DM.2R_21|1604056-1607140|-|,28,28,1,107,135,0.792592593,2R_21|1604056-1607140|-|,DOC2_DM,Non-LTR,1604056,1607140,2R_21,2,NA,NA,NA,36,3084,0.011673152,het,.,0.001523696,0.003002772,0.004437682,0.005828877,0.007176807,0.00848192,0.009744663,0.010965479,0.012144811,0.013283099,0.014380783,0.015438299,0.016456082,0.017434566,0.018374181,0.019275358,0.020138524,0.020964105,0.021752525,0.022504206,0.023219569,0.023899033,0.024543013,0.025151926,0.025726185,0.0262662,0.026772382,0.027245139,0.533868115
DOC2_DM.2R_21|259238-263912|-|,9,28,0.321428571,32,135,0.237037037,2R_21|259238-263912|-|,DOC2_DM,Non-LTR,259238,263912,2R_21,2,NA,NA,NA,43,4674,0.009199829,het,.,0.001600504,0.003151961,0.004654893,0.006109817,0.007517252,0.008877713,0.010191712,0.01145976,0.012682364,0.013860032,0.014993267,0.016082572,0.017128444,0.018131384,0.019091884,0.020010439,0.02088754,0.021723676,0.022519333,0.023274995,0.023991146,0.024668265,0.025306831,0.02590732,0.026470205,0.026995959,0.02748505,0.027937948,0.517287733
DOC2_DM.2R_21|7640854-7640906|+|,20,28,0.714285714,68,135,0.503703704,2R_21|7640854-7640906|+|,DOC2_DM,Non-LTR,7640854,7640906,2R_21,2,NA,NA,NA,13,52,0.25,eu,.,0.002472949,0.004822465,0.007051321,0.009162259,0.011157986,0.013041176,0.014814471,0.016480482,0.018041785,0.019500926,0.020860418,0.022122744,0.023290355,0.02436567,0.025351078,0.026248939,0.027061578,0.027791296,0.028440359,0.029011005,0.029505443,0.029925853,0.030274384,0.030553158,0.030764267,0.030909777,0.030991721,0.03101211,0.384974023
DOC2_DM.2R_21|806393-811112|+|,14,28,0.5,36,135,0.266666667,2R_21|806393-811112|+|,DOC2_DM,Non-LTR,806393,811112,2R_21,2,NA,NA,NA,45,4719,0.009535919,het,.,0,0,0,0,0,0,0,0,0,0,0,0,0,0,0,0,0,0,0,0,0,0,0,0,0,0,0,0,1
DOC2_DM.2R_21|986638-989660|+|,2,28,0.071428571,9,135,0.066666667,2R_21|986638-989660|+|,DOC2_DM,Non-LTR,986638,989660,2R_21,2,NA,NA,NA,7,3022,0.002316347,het,.,0.006054614,0.011482326,0.01632374,0.020613583,0.024383816,0.02766484,0.030485922,0.032875335,0.034860395,0.036467473,0.037722001,0.038648481,0.039270504,0.03961076,0.039691058,0.039532347,0.039154733,0.038577496,0.037819113,0.036897273,0.035828897,0.034630155,0.033316486,0.031902615,0.030402567,0.028829689,0.027196666,0.025515534,0.124241582
DOC2_DM.3_scaffold1|335975-339074|+|,1,28,0.035714286,2,135,0.014814815,3_scaffold1|335975-339074|+|,DOC2_DM,Non-LTR,335975,339074,3_scaffold1,3,NA,NA,NA,28,3099,0.009035173,het,.,0.002097382,0.004108399,0.006034468,0.007876993,0.009637369,0.011316979,0.012917197,0.014439386,0.015884898,0.017255074,0.018551247,0.019774738,0.020926857,0.022008905,0.023022173,0.023967941,0.024847479,0.025662048,0.026412896,0.027101265,0.027728384,0.028295473,0.028803743,0.029254393,0.029648614,0.029987587,0.030272483,0.030504463,0.431661168
DOC2_DM.3_scaffold1|647442-648865|+|,1,28,0.035714286,1,135,0.007407407,3_scaffold1|647442-648865|+|,DOC2_DM,Non-LTR,647442,648865,3_scaffold1,3,NA,NA,NA,19,1423,0.013352073,het,.,0.002337497,0.004566415,0.006688906,0.008707097,0.010623097,0.012438994,0.014156852,0.015778718,0.017306617,0.018742552,0.020088507,0.021346445,0.022518311,0.023606026,0.024611494,0.025536598,0.026383202,0.027153148,0.027848262,0.028470347,0.02902119,0.029502556,0.029916192,0.030263826,0.030547168,0.030767906,0.030927713,0.031028241,0.399116123
DOC2_DM.Contig119|37570-41613|+|,13,28,0.464285714,53,135,0.392592593,Contig119|37570-41613|+|,DOC2_DM,Non-LTR,37570,41613,Contig119,4,NA,NA,NA,117,4054,0.028860385,het,centromere,0,0,0,0,0,0,0,0,0,0,0,0,0,0,0,0,0,0,0,0,0,0,0,0,0,0,0,0,1
DOC2_DM.Contig79|38701-40077|+|,24,28,0.857142857,92,135,0.681481481,Contig79|38701-40077|+|,DOC2_DM,Non-LTR,38701,40077,Contig79,X,NA,NA,NA,14,1370,0.010218978,het,centromere,0.001669179,0.003283408,0.004843364,0.00634972,0.007803146,0.009204307,0.010553866,0.01185248,0.013100804,0.014299491,0.015449187,0.016550536,0.017604179,0.018610753,0.01957089,0.020485222,0.021354374,0.022178968,0.022959624,0.023696957,0.02439158,0.025044102,0.025655126,0.026225256,0.026755089,0.02724522,0.02769624,0.028108738,0.507458196
DOC2_DM.Contig79|8424-10818|+|,25,28,0.892857143,100,135,0.740740741,Contig79|8424-10818|+|,DOC2_DM,Non-LTR,8424,10818,Contig79,X,NA,NA,NA,33,2398,0.013761468,het,centromere,0.000752167,0.001495111,0.002228862,0.002953448,0.003668895,0.004375233,0.00507249,0.005760693,0.00643987,0.00711005,0.00777126,0.008423528,0.009066882,0.00970135,0.010326959,0.010943738,0.011551714,0.012150915,0.012741368,0.013323102,0.013896143,0.01446052,0.01501626,0.015563391,0.016101939,0.016631934,0.017153401,0.017666369,0.727652405
G5_DM.2L_2|1256625-1256824|+|,1,28,0.035714286,2,135,0.014814815,2L_2|1256625-1256824|+|,G5_DM,Non-LTR,1256625,1256824,2L_2,2,NA,NA,NA,7,199,0.035175879,eu,.,0.004348716,0.00834514,0.012004103,0.015339984,0.018366771,0.021098087,0.023547206,0.025727059,0.027650239,0.029329006,0.030775296,0.03200072,0.033016575,0.033833842,0.0344632,0.034915024,0.035199392,0.03532609,0.035304619,0.035144196,0.034853761,0.034441982,0.033917259,0.03328773,0.032561271,0.031745508,0.030847815,0.029875321,0.212734088
G5_DM.2L_2|1336199-1336526|-|,25,28,0.892857143,119,135,0.881481481,2L_2|1336199-1336526|-|,G5_DM,Non-LTR,1336199,1336526,2L_2,2,NA,NA,NA,2,327,0.006116208,eu,.,0.010301677,0.015699684,0.019891667,0.023698498,0.027204638,0.030353002,0.033092414,0.035401092,0.037280796,0.03874762,0.039825155,0.040540317,0.040921044,0.040995104,0.040789521,0.040330308,0.039642369,0.038749463,0.037674218,0.036438145,0.035061667,0.033564147,0.031963918,0.030278312,0.028523687,0.026715457,0.024868119,0.022995281,0.09845268
G5_DM.2L_2|481211-481397|+|,28,28,1,131,135,0.97037037,2L_2|481211-481397|+|,G5_DM,Non-LTR,481211,481397,2L_2,2,NA,NA,NA,17,186,0.091397849,eu,.,0.001906953,0.00374034,0.005501329,0.00719108,0.008810741,0.010361452,0.011844346,0.013260544,0.01461116,0.015897298,0.017120054,0.018280513,0.019379754,0.020418845,0.021398848,0.022320812,0.023185781,0.023994788,0.02474886,0.025449012,0.026096254,0.026691585,0.027235997,0.027730471,0.028175984,0.028573501,0.02892398,0.029228371,0.467921348
G5_DM.2R_16|12721-14984|-|,25,28,0.892857143,121,135,0.896296296,2R_16|12721-14984|-|,G5_DM,Non-LTR,12721,14984,2R_16,2,NA,NA,NA,19,3137,0.006056742,het,.,0.003172271,0.006151309,0.008942524,0.011551245,0.013982725,0.016242138,0.018334578,0.020265065,0.022038542,0.023659875,0.025133857,0.026465204,0.02765856,0.028718496,0.029649509,0.030456026,0.031142399,0.031712914,0.032171783,0.032523151,0.032771091,0.032919612,0.03297265,0.032934079,0.032807701,0.032597258,0.03230642,0.031938798,0.298780216
G5_DM.2R_16|18607-22480|-|,16,28,0.571428571,52,135,0.385185185,2R_16|18607-22480|-|,G5_DM,Non-LTR,18607,22480,2R_16,2,NA,NA,NA,18,3904,0.004610656,het,.,0.003672069,0.007090943,0.010264949,0.013202265,0.015910922,0.018398807,0.02067366,0.022743081,0.024614529,0.026295321,0.027792639,0.029113526,0.03026489,0.031253505,0.032086014,0.032768927,0.033308625,0.033711361,0.033983261,0.034130323,0.034158425,0.034073318,0.033880633,0.033585883,0.033194457,0.032711631,0.032142563,0.031492294,0.253481178
G5_DM.2R_16|23843-25217|-|,19,28,0.678571429,63,135,0.466666667,2R_16|23843-25217|-|,G5_DM,Non-LTR,23843,25217,2R_16,2,NA,NA,NA,11,1384,0.007947977,het,.,0.003872411,0.007462082,0.010779232,0.013833864,0.016635777,0.019194563,0.021519613,0.023620116,0.025505064,0.027183254,0.028663291,0.029953589,0.031062373,0.031997686,0.032767384,0.033379146,0.033840469,0.034158677,0.03434092,0.034394174,0.034325249,0.034140788,0.033847267,0.033451002,0.032958147,0.032374701,0.031706503,0.030959243,0.242073414
G5_DM.2R_20|1386348-1386429|-|,1,28,0.035714286,8,135,0.059259259,2R_20|1386348-1386429|-|,G5_DM,Non-LTR,1386348,1386429,2R_20,2,NA,NA,NA,6,81,0.074074074,het,.,0.004690188,0.00897624,0.012877294,0.016411276,0.019595384,0.022446267,0.024980098,0.027212596,0.029159039,0.030834269,0.032252696,0.033428307,0.034374669,0.03510494,0.035631873,0.035967825,0.036124761,0.036114267,0.035947551,0.035635454,0.035188453,0.034616674,0.033929892,0.033137543,0.032248726,0.031272214,0.030216458,0.029089592,0.192535453
G5_DM.2R_20|1434312-1434957|+|,12,28,0.428571429,63,135,0.466666667,2R_20|1434312-1434957|+|,G5_DM,Non-LTR,1434312,1434957,2R_20,2,NA,NA,NA,14,648,0.021604938,het,.,0.002690494,0.005237015,0.007643059,0.009912081,0.012047486,0.014052639,0.015930858,0.017685418,0.01931955,0.020836442,0.022239239,0.023531043,0.024714915,0.025793872,0.026770892,0.027648909,0.028430817,0.029119471,0.029717682,0.030228224,0.03065383,0.030997195,0.031260972,0.031447777,0.031560188,0.031600744,0.031571945,0.031476256,0.35588099
G5_DM.2R_20|250232-250329|-|,4,28,0.142857143,4,135,0.02962963,2R_20|250232-250329|-|,G5_DM,Non-LTR,250232,250329,2R_20,2,NA,NA,NA,7,97,0.072164948,het,.,0.004261639,0.008183144,0.011778577,0.015061587,0.018045466,0.020743162,0.023167301,0.025330185,0.027243803,0.028919834,0.03036965,0.031604323,0.032634629,0.03347105,0.034123786,0.034602749,0.034917577,0.035077633,0.035092012,0.034969545,0.034718803,0.0343481,0.033865501,0.033278823,0.03259564,0.031823288,0.030968869,0.030039253,0.218764071
G5_DM.2R_20|485121-485569|-|,17,28,0.607142857,69,135,0.511111111,2R_20|485121-485569|-|,G5_DM,Non-LTR,485121,485569,2R_20,2,NA,NA,NA,8,448,0.017857143,het,.,0.004160268,0.007996008,0.011520133,0.014745242,0.01768363,0.0203473,0.022747964,0.024897049,0.026805706,0.028484805,0.029944948,0.031196465,0.032249427,0.03311364,0.033798658,0.034313781,0.03466806,0.034870302,0.034929075,0.034852709,0.0346493,0.034326716,0.033892598,0.033354366,0.03271922,0.031994146,0.031185919,0.030301105,0.224251459
G5_DM.2R_21|1536384-1541161|+|,15,28,0.535714286,76,135,0.562962963,2R_21|1536384-1541161|+|,G5_DM,Non-LTR,1536384,1541161,2R_21,2,NA,NA,NA,97,4777,0.020305631,het,.,0,0,0,0,0,0,0,0,0,0,0,0,0,0,0,0,0,0,0,0,0,0,0,0,0,0,0,0,1
G5_DM.2R_21|292997-293518|+|,2,28,0.071428571,6,135,0.044444444,2R_21|292997-293518|+|,G5_DM,Non-LTR,292997,293518,2R_21,2,NA,NA,NA,1,521,0.001919386,het,.,0.024673382,0.026401451,0.026131474,0.027043775,0.02892488,0.031198229,0.033457669,0.035481029,0.037166305,0.038478898,0.039418994,0.040003526,0.04025679,0.040205788,0.039877997,0.039300347,0.038498781,0.037498083,0.036321821,0.034992354,0.033530848,0.03195731,0.030290617,0.028548555,0.026747849,0.024904195,0.023032293,0.02114588,0.084510879
G5_DM.2R_21|315641-316162|+|,3,28,0.107142857,18,135,0.133333333,2R_21|315641-316162|+|,G5_DM,Non-LTR,315641,316162,2R_21,2,NA,NA,NA,0,521,0,het,.,0.090197223,0.062188527,0.041547166,0.032208465,0.029176371,0.029031867,0.030024285,0.031323953,0.032555966,0.033562524,0.03428749,0.03472129,0.034874956,0.03476807,0.034423267,0.033863784,0.033112409,0.032191045,0.031120554,0.029920715,0.028610226,0.027206729,0.02572684,0.024186179,0.022599405,0.020980242,0.019341513,0.017695169,0.068553772
G5_DM.3_scaffold1|1215821-1216487|+|,24,28,0.857142857,116,135,0.859259259,3_scaffold1|1215821-1216487|+|,G5_DM,Non-LTR,1215821,1216487,3_scaffold1,3,NA,NA,NA,78,666,0.117117117,het,.,0,0,0,0,0,0,0,0,0,0,0,0,0,0,0,0,0,0,0,0,0,0,0,0,0,0,0,0,1
G5_DM.3_scaffold1|1677826-1680072|+|,8,28,0.285714286,35,135,0.259259259,3_scaffold1|1677826-1680072|+|,G5_DM,Non-LTR,1677826,1680072,3_scaffold1,3,NA,NA,NA,57,2246,0.025378451,het,.,0,0,0,0,0,0,0,0,0,0,0,0,0,0,0,0,0,0,0,0,0,0,0,0,0,0,0,0,1
G5_DM.3_scaffold1|1943283-1945907|+|,20,28,0.714285714,97,135,0.718518519,3_scaffold1|1943283-1945907|+|,G5_DM,Non-LTR,1943283,1945907,3_scaffold1,3,NA,NA,NA,45,2636,0.01707132,het,.,0.000995811,0.001974086,0.002934912,0.003878376,0.004804565,0.005713566,0.006605466,0.007480352,0.008338308,0.009179423,0.010003781,0.01081147,0.011602574,0.012377179,0.013135371,0.013877235,0.014602856,0.01531232,0.01600571,0.016683113,0.017344612,0.017990293,0.018620238,0.019234533,0.019833262,0.020416508,0.020984355,0.021536886,0.65772284
G5_DM.3_scaffold1|2215758-2219539|+|,3,28,0.107142857,17,135,0.125925926,3_scaffold1|2215758-2219539|+|,G5_DM,Non-LTR,2215758,2219539,3_scaffold1,3,NA,NA,NA,52,3766,0.013807754,het,.,0,0,0,0,0,0,0,0,0,0,0,0,0,0,0,0,0,0,0,0,0,0,0,0,0,0,0,0,1
G5_DM.3_scaffold1|812888-813128|-|,10,28,0.357142857,26,135,0.192592593,3_scaffold1|812888-813128|-|,G5_DM,Non-LTR,812888,813128,3_scaffold1,3,NA,NA,NA,59,2105,0.028028504,het,.,0,0,0,0,0,0,0,0,0,0,0,0,0,0,0,0,0,0,0,0,0,0,0,0,0,0,0,0,1
G5_DM.3_scaffold2|485868-486065|+|,1,28,0.035714286,1,135,0.007407407,3_scaffold2|485868-486065|+|,G5_DM,Non-LTR,485868,486065,3_scaffold2,3,NA,NA,NA,6,197,0.030456853,het,.,0.004788639,0.009158353,0.013129473,0.016720923,0.019950805,0.022836627,0.025395385,0.02764359,0.029597282,0.031272034,0.032682961,0.033844724,0.034771538,0.035477178,0.035974988,0.03627789,0.036398388,0.036348581,0.036140164,0.035784443,0.035292335,0.034674383,0.033940756,0.033101263,0.032165355,0.031142134,0.03004036,0.028868461,0.186580985
G5_DM.3L_1|22960896-22961076|+|,1,28,0.035714286,1,135,0.007407407,3L_1|22960896-22961076|+|,G5_DM,Non-LTR,22960896,22961076,3L_1,3,NA,NA,NA,5,180,0.027777778,het,.,0.00527363,0.010042007,0.01434042,0.018195677,0.021631271,0.02466927,0.027330946,0.029636952,0.031607351,0.03326161,0.03461859,0.035696544,0.036513117,0.037085355,0.037429713,0.037562066,0.03749772,0.037251424,0.036837382,0.036269262,0.03556021,0.034722859,0.033769343,0.032711305,0.031559909,0.030325851,0.02901937,0.027650256,0.161930589
G5_DM.3L_1|23240324-23240458|+|,28,28,1,130,135,0.962962963,3L_1|23240324-23240458|+|,G5_DM,Non-LTR,23240324,23240458,3L_1,3,NA,NA,NA,31,134,0.231343284,het,.,0.000795927,0.001580918,0.002355017,0.003118264,0.003870703,0.004612376,0.005343324,0.006063589,0.006773214,0.007472241,0.008160711,0.008838666,0.009506147,0.010163198,0.010809858,0.011446169,0.012072174,0.012687913,0.013293428,0.01388876,0.01447395,0.01504904,0.01561407,0.016169082,0.016714117,0.017249215,0.017774417,0.018289765,0.715813745
G5_DM.3L_1|23797177-23797286|+|,15,28,0.535714286,32,135,0.237037037,3L_1|23797177-23797286|+|,G5_DM,Non-LTR,23797177,23797286,3L_1,3,NA,NA,NA,11,109,0.100917431,het,.,0.002965835,0.005757056,0.008378529,0.010835044,0.013131316,0.015271985,0.017261621,0.019104718,0.020805699,0.022368916,0.02379865,0.025099114,0.026274448,0.027328725,0.028265952,0.029090066,0.029804939,0.030414375,0.030922115,0.031331833,0.03164714,0.031871585,0.03200865,0.03206176,0.032034273,0.031929491,0.031750652,0.031500935,0.326984579
G5_DM.3L_1|24119947-24120038|-|,2,28,0.071428571,106,135,0.785185185,3L_1|24119947-24120038|-|,G5_DM,Non-LTR,24119947,24120038,3L_1,3,NA,NA,NA,24,91,0.263736264,het,.,0.001165836,0.002305588,0.003419455,0.004507635,0.005570323,0.006607716,0.00762001,0.0086074,0.009570079,0.010508241,0.01142208,0.012311788,0.013177556,0.014019575,0.014838036,0.015633128,0.016405041,0.017153963,0.017880082,0.018583586,0.01926466,0.019923491,0.020560265,0.021175165,0.021768377,0.022340083,0.022890467,0.02341971,0.617350667
G5_DM.3L_10|391542-392452|+|,25,28,0.892857143,123,135,0.911111111,3L_10|391542-392452|+|,G5_DM,Non-LTR,391542,392452,3L_10,3,NA,NA,NA,168,910,0.184615385,het,.,0,0,0,0,0,0,0,0,0,0,0,0,0,0,0,0,0,0,0,0,0,0,0,0,0,0,0,0,1
G5_DM.3L_4|817985-818407|+|,3,28,0.107142857,4,135,0.02962963,3L_4|817985-818407|+|,G5_DM,Non-LTR,817985,818407,3L_4,3,NA,NA,NA,6,422,0.014218009,het,.,0.004970534,0.009494179,0.01359368,0.017289912,0.020602725,0.023551269,0.026154111,0.028429275,0.030394253,0.032066018,0.033461024,0.034595217,0.03548404,0.036142443,0.036584892,0.036825377,0.03687742,0.036754086,0.036467993,0.036031316,0.035455801,0.034752769,0.033933129,0.033007382,0.031985632,0.030877595,0.029692603,0.028439618,0.176085706
G5_DM.3R_28|11862406-11862505|-|,27,28,0.964285714,103,135,0.762962963,3R_28|11862406-11862505|-|,G5_DM,Non-LTR,11862406,11862505,3R_28,3,NA,NA,NA,0,99,0,eu,.,0.079291298,0.056177306,0.038926708,0.031306806,0.029103116,0.02936774,0.030574965,0.031997531,0.033306807,0.034365956,0.035128429,0.035589147,0.035761366,0.035665887,0.035326124,0.034765897,0.034008486,0.033076244,0.031990455,0.0307713,0.029437865,0.028008164,0.02649917,0.024926847,0.023306182,0.021651214,0.019975068,0.018289981,0.071403944
G5_DM.3R_28|1659373-1662524|-|,21,28,0.75,87,135,0.644444444,3R_28|1659373-1662524|-|,G5_DM,Non-LTR,1659373,1662524,3R_28,3,NA,NA,NA,63,3151,0.019993653,eu,.,0,0,0,0,0,0,0,0,0,0,0,0,0,0,0,0,0,0,0,0,0,0,0,0,0,0,0,0,1
G5_DM.3R_28|617932-618040|-|,26,28,0.928571429,85,135,0.62962963,3R_28|617932-618040|-|,G5_DM,Non-LTR,617932,618040,3R_28,3,NA,NA,NA,5,108,0.046296296,eu,.,0.005214374,0.009933906,0.014192149,0.018014979,0.021425241,0.024444448,0.027093351,0.0293921,0.031360269,0.033016852,0.034380256,0.035468296,0.036298202,0.036886621,0.03724963,0.037402746,0.037360935,0.037138621,0.036749703,0.036207561,0.03552507,0.034714609,0.03378807,0.032756873,0.031631972,0.030423869,0.02914262,0.027797849,0.164988827
G5_DM.3R_28|7420988-7421272|-|,27,28,0.964285714,125,135,0.925925926,3R_28|7420988-7421272|-|,G5_DM,Non-LTR,7420988,7421272,3R_28,3,NA,NA,NA,10,284,0.035211268,eu,.,0.003374047,0.006526372,0.009464074,0.01219412,0.014723352,0.017058486,0.019206112,0.021172695,0.02296458,0.024587991,0.026049031,0.027353687,0.028507827,0.029517204,0.03038746,0.031124119,0.031732598,0.032218201,0.032586124,0.032841455,0.032989177,0.033034165,0.032981194,0.032834933,0.03259995,0.032280715,0.031881597,0.031406868,0.286401866
G5_DM.4_2|115013-115825|-|,24,28,0.857142857,107,135,0.792592593,4_2|115013-115825|-|,G5_DM,Non-LTR,115013,115825,4_2,4,NA,NA,NA,8,812,0.009852217,eu,.,0.004437506,0.008511801,0.01223819,0.015631568,0.018706451,0.021476981,0.023956939,0.026159752,0.028098492,0.02978589,0.031234336,0.032455886,0.033462266,0.034264878,0.034874808,0.035302826,0.035559395,0.035654674,0.035598525,0.035400517,0.035069928,0.034615756,0.034046719,0.03337126,0.032597556,0.031733518,0.030786796,0.029764787,0.205201999
G5_DM.Contig119|37287-37425|+|,25,28,0.892857143,70,135,0.518518519,Contig119|37287-37425|+|,G5_DM,Non-LTR,37287,37425,Contig119,4,NA,NA,NA,6,138,0.043478261,het,centromere,0.004738973,0.009066511,0.013002335,0.01656486,0.019771728,0.022640013,0.02518629,0.027426671,0.029376808,0.031051903,0.032466715,0.033635561,0.034572328,0.035290479,0.035803059,0.036122701,0.036261639,0.036231711,0.036044365,0.035710671,0.035241326,0.03464666,0.033936643,0.033120896,0.032208692,0.031208967,0.030130325,0.028981046,0.189560124
G5_DM.Contig79|14291-14435|+|,23,28,0.821428571,72,135,0.533333333,Contig79|14291-14435|+|,G5_DM,Non-LTR,14291,14435,Contig79,X,NA,NA,NA,3,144,0.020833333,het,centromere,0.003810795,0.007014666,0.009901596,0.012576338,0.015072312,0.017397701,0.019553433,0.021539649,0.023357597,0.025009873,0.026500145,0.027832803,0.029012671,0.030044805,0.030934357,0.031686498,0.032306366,0.032799044,0.033169543,0.033422797,0.033563657,0.033596891,0.033527185,0.033359143,0.033097285,0.032746049,0.032309796,0.031792803,0.273064201